City,Roof Materials,Continent,Country,Latitude,Longitude
"New York, United States","[{'class': 'AmorphousAsphalt', 'examples': ['Bitumen']}, {'class': 'AsphaltTiles', 'examples': ['Asphalt Shingles']}, {'class': 'GreenVegetative', 'examples': ['Green Roof', 'Vegetative Roof']}, {'class': 'MetalSheetMaterials', 'examples': ['Corrugated Metal', 'Standing Seam Metal']}, {'class': 'AmorphousMembrane', 'examples': ['EPDM', 'TPO', 'PVC Roofing']}]",North America,United States,40.712776,-74.005974
"Horsham, England","[{'class': 'ClayTiles', 'examples': ['Terracotta', 'Spanish Tiles', 'Mission Tiles']}, {'class': 'StoneSlates', 'examples': ['Slate', 'Sandstone', 'Schist']}, {'class': 'Thatch', 'examples': ['Straw', 'Palm', 'Reed']}]",Europe,England,51.063751,-0.327
"Alta, Norway","[{'class': 'AmorphousConcrete', 'examples': ['Cement-based Slabs']}, {'class': 'MetalSheetMaterials', 'examples': ['Corrugated Metal', 'Standing Seam Metal']}, {'class': 'ConcreteTiles', 'examples': ['Cement-based Tiles']}, {'class': 'StoneSlates', 'examples': ['Slate', 'Sandstone', 'Schist']}]",Europe,Norway,69.968086,23.271521
"Baltimore, Maryland","[{'class': 'AmorphousConcrete', 'examples': ['Cement-based Slabs']}, {'class': 'AmorphousAsphalt', 'examples': ['Bitumen']}, {'class': 'AsphaltTiles', 'examples': ['Asphalt Shingles']}, {'class': 'ConcreteTiles', 'examples': ['Cement-based Tiles']}, {'class': 'MetalSheetMaterials', 'examples': ['Corrugated Metal', 'Standing Seam Metal']}, {'class': 'AmorphousMembrane', 'examples': ['EPDM', 'TPO', 'PVC Roofing']}]",North America,United States,39.290386,-76.61219
"Bridgetown, Barbados","[{'class': 'MetalSheetMaterials', 'examples': ['Corrugated Metal', 'Standing Seam Metal']}, {'class': 'AmorphousMembrane', 'examples': ['EPDM', 'TPO', 'PVC Roofing']}, {'class': 'ClayTiles', 'examples': ['Terracotta', 'Spanish Tiles', 'Mission Tiles']}]",North America,Barbados,13.0971177,-59.6132388
"Tallinn, Estonia","[{'class': 'AmorphousConcrete', 'examples': ['Cement-based Slabs']}, {'class': 'AmorphousAsphalt', 'examples': ['Bitumen']}, {'class': 'AsphaltTiles', 'examples': ['Asphalt Shingles']}, {'class': 'ConcreteTiles', 'examples': ['Cement-based Tiles']}, {'class': 'MetalSheetMaterials', 'examples': ['Corrugated Metal', 'Standing Seam Metal']}]",Europe,Estonia,59.4369608,24.7535746
"Muscat, Oman","[{'class': 'AmorphousConcrete', 'examples': ['Cement-based Slabs']}, {'class': 'AmorphousMembrane', 'examples': ['EPDM', 'TPO', 'PVC Roofing']}, {'class': 'ClayTiles', 'examples': ['Terracotta', 'Spanish Tiles', 'Mission Tiles']}, {'class': 'ConcreteTiles', 'examples': ['Cement-based Tiles']}]",Asia,Oman,23.61397134,58.55909876
"Kigali, Rwanda","[{'class': 'AmorphousConcrete', 'examples': ['Cement-based Slabs']}, {'class': 'AmorphousConcrete', 'examples': ['Cement-based Slabs']}, {'class': 'MetalSheetMaterials', 'examples': ['Corrugated Metal', 'Standing Seam Metal']}, {'class': 'ConcreteTiles', 'examples': ['Cement-based Tiles']}, {'class': 'Thatch', 'examples': ['Straw', 'Palm', 'Reed']}]",Africa,Rwanda,-1.919133599,30.1265578
"Dubrovnik, Croatia","[{'class': 'AmorphousConcrete', 'examples': ['Cement-based Slabs']}, {'class': 'AmorphousAsphalt', 'examples': ['Bitumen']}, {'class': 'AsphaltTiles', 'examples': ['Asphalt Shingles']}, {'class': 'ConcreteTiles', 'examples': ['Cement-based Tiles']}, {'class': 'MetalSheetMaterials', 'examples': ['Corrugated Metal', 'Standing Seam Metal']}]",Europe,Croatia,42.64743354,18.10202539
"Sedona, AZ","[{'class': 'AmorphousConcrete', 'examples': ['Cement-based Slabs']}, {'class': 'AmorphousAsphalt', 'examples': ['Bitumen']}, {'class': 'AsphaltTiles', 'examples': ['Asphalt Shingles']}, {'class': 'ConcreteTiles', 'examples': ['Cement-based Tiles']}, {'class': 'MetalSheetMaterials', 'examples': ['Corrugated Metal', 'Standing Seam Metal']}]",North America,United States,34.8628074,-111.8045935
"Santiago, Chile","[{'class': 'AmorphousConcrete', 'examples': ['Cement-based Slabs']}, {'class': 'ClayTiles', 'examples': ['Terracotta', 'Spanish Tiles', 'Mission Tiles']}, {'class': 'AmorphousConcrete', 'examples': ['Cement-based Slabs']}, {'class': 'ConcreteTiles', 'examples': ['Cement-based Tiles']}, {'class': 'AsphaltTiles', 'examples': ['Asphalt Shingles']}, {'class': 'AmorphousMembrane', 'examples': ['EPDM', 'TPO', 'PVC Roofing']}]",South America,Chile,-33.45359824,-70.66485023
"Barcelona, Spain","[{'class': 'AmorphousConcrete', 'examples': ['Cement-based Slabs']}, {'class': 'AmorphousAsphalt', 'examples': ['Bitumen']}, {'class': 'AsphaltTiles', 'examples': ['Asphalt Shingles']}, {'class': 'AmorphousConcrete', 'examples': ['Cement-based Slabs']}, {'class': 'ConcreteTiles', 'examples': ['Cement-based Tiles']}, {'class': 'MetalSheetMaterials', 'examples': ['Corrugated Metal', 'Standing Seam Metal']}, {'class': 'AmorphousMembrane', 'examples': ['EPDM', 'TPO', 'PVC Roofing']}]",Europe,Spain,41.3974489,2.16254343
"Banff, Canada","[{'class': 'AmorphousAsphalt', 'examples': ['Bitumen']}, {'class': 'AsphaltTiles', 'examples': ['Asphalt Shingles']}, {'class': 'GreenVegetative', 'examples': ['Green Roof', 'Vegetative Roof']}, {'class': 'MetalSheetMaterials', 'examples': ['Corrugated Metal', 'Standing Seam Metal']}]",North America,Canada,51.17692493,-115.5703995
"Cartagena, Colombia","[{'class': 'ClayTiles', 'examples': ['Terracotta', 'Spanish Tiles', 'Mission Tiles']}, {'class': 'AmorphousConcrete', 'examples': ['Cement-based Slabs']}, {'class': 'ConcreteTiles', 'examples': ['Cement-based Tiles']}, {'class': 'AsphaltTiles', 'examples': ['Asphalt Shingles']}]",South America,Colombia,10.39989959,-75.50716651
"Reykjavik, Iceland","[{'class': 'MetalSheetMaterials', 'examples': ['Corrugated Metal', 'Standing Seam Metal']}, {'class': 'AmorphousConcrete', 'examples': ['Cement-based Slabs']}, {'class': 'ConcreteTiles', 'examples': ['Cement-based Tiles']}, {'class': 'StoneSlates', 'examples': ['Slate', 'Sandstone', 'Schist']}]",Europe,Iceland,64.12815628,-21.86210668
"Kyoto, Japan","[{'class': 'MetalSheetMaterials', 'examples': ['Corrugated Metal', 'Standing Seam Metal']}, {'class': 'ClayTiles', 'examples': ['Terracotta', 'Spanish Tiles', 'Mission Tiles']}, {'class': 'WoodTiles', 'examples': ['Wood Shingles', 'Wood Shakes']}]",Asia,Japan,34.96881282,135.7576213
"San Juan, PR","[{'class': 'AmorphousAsphalt', 'examples': ['Bitumen']},{'class': 'AsphaltTiles', 'examples': ['Asphalt Shingles']}, {'class': 'AmorphousConcrete', 'examples': ['Cement-based Slabs']}, {'class': 'ConcreteTiles', 'examples': ['Cement-based Tiles']}, {'class': 'MetalSheetMaterials', 'examples': ['Corrugated Metal', 'Standing Seam Metal']}, {'class': 'AmorphousMembrane', 'examples': ['EPDM', 'TPO', 'PVC Roofing']}]",North America,United States,18.40238479,-66.05628908
"San Jose Province, Costa Rica","[{'class': 'AmorphousAsphalt', 'examples': ['Bitumen']}, {'class': 'AsphaltTiles', 'examples': ['Asphalt Shingles']}, {'class': 'AmorphousConcrete', 'examples': ['Cement-based Slabs']}, {'class': 'ConcreteTiles', 'examples': ['Cement-based Tiles']}, {'class': 'MetalSheetMaterials', 'examples': ['Corrugated Metal', 'Standing Seam Metal']}, {'class': 'AmorphousMembrane', 'examples': ['EPDM', 'TPO', 'PVC Roofing']}]",North America,Costa Rica,9.837433167,-84.11815487
"Chicago, Illinois","[{'class': 'AmorphousAsphalt', 'examples': ['Bitumen']}, {'class': 'AsphaltTiles', 'examples': ['Asphalt Shingles']}, {'class': 'AmorphousConcrete', 'examples': ['Cement-based Slabs']}, {'class': 'ConcreteTiles', 'examples': ['Cement-based Tiles']}, {'class': 'MetalSheetMaterials', 'examples': ['Corrugated Metal', 'Standing Seam Metal']}, {'class': 'AmorphousMembrane', 'examples': ['EPDM', 'TPO', 'PVC Roofing']}]",North America,United States,41.89430743,-87.67488742
"Los Angeles, California","[{'class': 'AmorphousAsphalt', 'examples': ['Bitumen']}, {'class': 'AsphaltTiles', 'examples': ['Asphalt Shingles']}, {'class': 'AmorphousConcrete', 'examples': ['Cement-based Slabs']}, {'class': 'ConcreteTiles', 'examples': ['Cement-based Tiles']}, {'class': 'MetalSheetMaterials', 'examples': ['Corrugated Metal', 'Standing Seam Metal']}, {'class': 'AmorphousMembrane', 'examples': ['EPDM', 'TPO', 'PVC Roofing']}]",North America,United States,34.08476487,-118.2963762
"Toronto, Canada","[{'class': 'AmorphousAsphalt', 'examples': ['Bitumen']}, {'class': 'AsphaltTiles', 'examples': ['Asphalt Shingles']}, {'class': 'GreenVegetative', 'examples': ['Green Roof', 'Vegetative Roof']}, {'class': 'MetalSheetMaterials', 'examples': ['Corrugated Metal', 'Standing Seam Metal']}, {'class': 'AmorphousMembrane', 'examples': ['EPDM', 'TPO', 'PVC Roofing']}]",North America,Canada,43.7078186,-79.46457539
"Mexico City, Mexico","[{'class': 'AmorphousAsphalt', 'examples': ['Bitumen']}, {'class': 'AsphaltTiles', 'examples': ['Asphalt Shingles']}, {'class': 'AmorphousConcrete', 'examples': ['Cement-based Slabs']}, {'class': 'ConcreteTiles', 'examples': ['Cement-based Tiles']}, {'class': 'MetalSheetMaterials', 'examples': ['Corrugated Metal', 'Standing Seam Metal']}, {'class': 'AmorphousMembrane', 'examples': ['EPDM', 'TPO', 'PVC Roofing']}]",North America,Mexico,19.4150204,-99.13605955
"Guatemala City, Guatemala","[{'class': 'AmorphousAsphalt', 'examples': ['Bitumen']}, {'class': 'AsphaltTiles', 'examples': ['Asphalt Shingles']}, {'class': 'AmorphousConcrete', 'examples': ['Cement-based Slabs']}, {'class': 'ConcreteTiles', 'examples': ['Cement-based Tiles']}, {'class': 'MetalSheetMaterials', 'examples': ['Corrugated Metal', 'Standing Seam Metal']}]",North America,Guatemala,14.62904371,-90.51315982
"Tegucigalpa, Honduras","[{'class': 'AmorphousAsphalt', 'examples': ['Bitumen']}, {'class': 'AsphaltTiles', 'examples': ['Asphalt Shingles']}, {'class': 'AmorphousConcrete', 'examples': ['Cement-based Slabs']}, {'class': 'ConcreteTiles', 'examples': ['Cement-based Tiles']}, {'class': 'MetalSheetMaterials', 'examples': ['Corrugated Metal', 'Standing Seam Metal']}]",North America,Honduras,14.07046189,-87.20601977
"San Salvador, El Salvador","[{'class': 'AmorphousAsphalt', 'examples': ['Bitumen']}, {'class': 'AsphaltTiles', 'examples': ['Asphalt Shingles']}, {'class': 'AmorphousConcrete', 'examples': ['Cement-based Slabs']}, {'class': 'ConcreteTiles', 'examples': ['Cement-based Tiles']}, {'class': 'MetalSheetMaterials', 'examples': ['Corrugated Metal', 'Standing Seam Metal']}]",North America,El Salvador,13.69889995,-89.20958693
"Managua, Nicaragua","[{'class': 'AmorphousAsphalt', 'examples': ['Bitumen']}, {'class': 'AsphaltTiles', 'examples': ['Asphalt Shingles']}, {'class': 'AmorphousConcrete', 'examples': ['Cement-based Slabs']}, {'class': 'ConcreteTiles', 'examples': ['Cement-based Tiles']}, {'class': 'MetalSheetMaterials', 'examples': ['Corrugated Metal', 'Standing Seam Metal']}]",North America,Nicaragua,12.13021974,-86.24747428
"San José, Costa Rica","[{'class': 'AmorphousAsphalt', 'examples': ['Bitumen']}, {'class': 'AsphaltTiles', 'examples': ['Asphalt Shingles']}, {'class': 'AmorphousConcrete', 'examples': ['Cement-based Slabs']}, {'class': 'ConcreteTiles', 'examples': ['Cement-based Tiles']}, {'class': 'MetalSheetMaterials', 'examples': ['Corrugated Metal', 'Standing Seam Metal']}]",North America,Costa Rica,9.936391083,-84.09377566
"Panama City, Panama","[{'class': 'AmorphousAsphalt', 'examples': ['Bitumen']}, {'class': 'AsphaltTiles', 'examples': ['Asphalt Shingles']}, {'class': 'AmorphousConcrete', 'examples': ['Cement-based Slabs']}, {'class': 'ConcreteTiles', 'examples': ['Cement-based Tiles']}, {'class': 'MetalSheetMaterials', 'examples': ['Corrugated Metal', 'Standing Seam Metal']}]",North America,Panama,9.009196851,-79.50875554
"Havana, Cuba","[{'class': 'MetalSheetMaterials', 'examples': ['Corrugated Metal', 'Standing Seam Metal']}, {'class': 'AmorphousMembrane', 'examples': ['EPDM', 'TPO', 'PVC Roofing']}, {'class': 'ClayTiles', 'examples': ['Terracotta', 'Spanish Tiles', 'Mission Tiles']}]",North America,Cuba,23.07532549,-82.35360143
"Port-au-Prince, Haiti","[{'class': 'MetalSheetMaterials', 'examples': ['Corrugated Metal', 'Standing Seam Metal']}, {'class': 'AmorphousMembrane', 'examples': ['EPDM', 'TPO', 'PVC Roofing']}, {'class': 'ClayTiles', 'examples': ['Terracotta', 'Spanish Tiles', 'Mission Tiles']}]",North America,Haiti,18.55804554,-72.32050894
"Santo Domingo, Dominican Republic","[{'class': 'MetalSheetMaterials', 'examples': ['Corrugated Metal', 'Standing Seam Metal']}, {'class': 'AmorphousMembrane', 'examples': ['EPDM', 'TPO', 'PVC Roofing']}, {'class': 'ClayTiles', 'examples': ['Terracotta', 'Spanish Tiles', 'Mission Tiles']}]",North America,Dominica,18.4730414,-69.95408973
"Kingston, Jamaica","[{'class': 'MetalSheetMaterials', 'examples': ['Corrugated Metal', 'Standing Seam Metal']}, {'class': 'AmorphousMembrane', 'examples': ['EPDM', 'TPO', 'PVC Roofing']}, {'class': 'ClayTiles', 'examples': ['Terracotta', 'Spanish Tiles', 'Mission Tiles']}]",North America,Jamaica,18.00569265,-76.81129931
"Nassau, Bahamas","[{'class': 'MetalSheetMaterials', 'examples': ['Corrugated Metal', 'Standing Seam Metal']}, {'class': 'AmorphousMembrane', 'examples': ['EPDM', 'TPO', 'PVC Roofing']}, {'class': 'ClayTiles', 'examples': ['Terracotta', 'Spanish Tiles', 'Mission Tiles']}]",North America,Bahamas,25.03411591,-77.33842851
São Paulo,"[{'class': 'ClayTiles', 'examples': ['Terracotta', 'Spanish Tiles', 'Mission Tiles']}, {'class': 'AmorphousConcrete', 'examples': ['Cement-based Slabs']}, {'class': 'ConcreteTiles', 'examples': ['Cement-based Tiles']}, {'class': 'AsphaltTiles', 'examples': ['Asphalt Shingles']}]",South America,Brazil,-23.52826073,-46.62276503
"Buenos Aires, Argentina","[{'class': 'ClayTiles', 'examples': ['Terracotta', 'Spanish Tiles', 'Mission Tiles']}, {'class': 'AmorphousConcrete', 'examples': ['Cement-based Slabs']}, {'class': 'ConcreteTiles', 'examples': ['Cement-based Tiles']}, {'class': 'AsphaltTiles', 'examples': ['Asphalt Shingles']}]",South America,Argentina,-34.61285695,-58.46831737
"Lima, Peru","[{'class': 'ClayTiles', 'examples': ['Terracotta', 'Spanish Tiles', 'Mission Tiles']}, {'class': 'AmorphousConcrete', 'examples': ['Cement-based Slabs']}, {'class': 'ConcreteTiles', 'examples': ['Cement-based Tiles']}, {'class': 'AsphaltTiles', 'examples': ['Asphalt Shingles']}]",South America,Peru ,-12.05585019,-77.06880332
"Bogotá, Colombia","[{'class': 'ClayTiles', 'examples': ['Terracotta', 'Spanish Tiles', 'Mission Tiles']}, {'class': 'AmorphousConcrete', 'examples': ['Cement-based Slabs']}, {'class': 'ConcreteTiles', 'examples': ['Cement-based Tiles']}, {'class': 'AsphaltTiles', 'examples': ['Asphalt Shingles']}]",South America,Colombia,4.592894733,-74.13463635
"Caracas, Venezuela","[{'class': 'ClayTiles', 'examples': ['Terracotta', 'Spanish Tiles', 'Mission Tiles']}, {'class': 'AmorphousConcrete', 'examples': ['Cement-based Slabs']}, {'class': 'ConcreteTiles', 'examples': ['Cement-based Tiles']}, {'class': 'AsphaltTiles', 'examples': ['Asphalt Shingles']}]",South America,Venezuela,10.48358375,-66.82925441
"Beijing, China","[{'class': 'MetalSheetMaterials', 'examples': ['Corrugated Metal', 'Standing Seam Metal']}, {'class': 'ClayTiles', 'examples': ['Terracotta', 'Spanish Tiles', 'Mission Tiles']}, {'class': 'WoodTiles', 'examples': ['Wood Shingles', 'Wood Shakes']}]",Asia,China,39.87034994,116.4287312
"Tokyo, Japan","[{'class': 'AmorphousAsphalt', 'examples': ['Bitumen']}, {'class': 'MetalSheetMaterials', 'examples': ['Corrugated Metal', 'Standing Seam Metal']}, {'class': 'ClayTiles', 'examples': ['Terracotta', 'Spanish Tiles', 'Mission Tiles']}, {'class': 'WoodTiles', 'examples': ['Wood Shingles', 'Wood Shakes']}]",Asia,Japan,35.6990565,139.6984009
"Seoul, South Korea","[{'class': 'MetalSheetMaterials', 'examples': ['Corrugated Metal', 'Standing Seam Metal']}, {'class': 'ClayTiles', 'examples': ['Terracotta', 'Spanish Tiles', 'Mission Tiles']}, {'class': 'WoodTiles', 'examples': ['Wood Shingles', 'Wood Shakes']}]",Asia,South Korea,37.57167927,127.0036651
"Pyongyang, North Korea","[{'class': 'MetalSheetMaterials', 'examples': ['Corrugated Metal', 'Standing Seam Metal']}, {'class': 'ClayTiles', 'examples': ['Terracotta', 'Spanish Tiles', 'Mission Tiles']}, {'class': 'WoodTiles', 'examples': ['Wood Shingles', 'Wood Shakes']}]",Asia,North Korea,39.02316369,125.711571
"Ulaanbaatar, Mongolia","[{'class': 'AmorphousFabric', 'examples': ['Canvas Fabric, Cotton Fabric, Yurts']}, {'class': 'AmorphousAsphalt', 'examples': ['Bitumen']}, {'class': 'AsphaltTiles', 'examples': ['Asphalt Shingles']}, {'class': 'AmorphousConcrete', 'examples': ['Cement-based Slabs']}, {'class': 'ConcreteTiles', 'examples': ['Cement-based Tiles']}, {'class': 'MetalSheetMaterials', 'examples': ['Corrugated Metal', 'Standing Seam Metal']}]",Asia,Mongolia,47.90108784,106.8757788
"Mumbai, India","[{'class': 'ClayTiles', 'examples': ['Terracotta', 'Spanish Tiles', 'Mission Tiles']}, {'class': 'AmorphousConcrete', 'examples': ['Cement-based Slabs']}, {'class': 'ConcreteTiles', 'examples': ['Cement-based Tiles']}, {'class': 'MetalSheetMaterials', 'examples': ['Corrugated Metal', 'Standing Seam Metal']}]",Asia,India,19.10299496,72.88992752
"Karachi, Pakistan","[{'class': 'ClayTiles', 'examples': ['Terracotta', 'Spanish Tiles', 'Mission Tiles']}, {'class': 'AmorphousConcrete', 'examples': ['Cement-based Slabs']}, {'class': 'ConcreteTiles', 'examples': ['Cement-based Tiles']}, {'class': 'MetalSheetMaterials', 'examples': ['Corrugated Metal', 'Standing Seam Metal']}]",Asia,Pakistan,24.80432791,67.04400107
"Dhaka, Bangladesh","[{'class': 'ClayTiles', 'examples': ['Terracotta', 'Spanish Tiles', 'Mission Tiles']}, {'class': 'AmorphousConcrete', 'examples': ['Cement-based Slabs']}, {'class': 'ConcreteTiles', 'examples': ['Cement-based Tiles']}, {'class': 'MetalSheetMaterials', 'examples': ['Corrugated Metal', 'Standing Seam Metal']}]",Asia,Bangladesh,23.79859005,90.42758542
"Kathmandu, Nepal","[{'class': 'ClayTiles', 'examples': ['Terracotta', 'Spanish Tiles', 'Mission Tiles']}, {'class': 'AmorphousConcrete', 'examples': ['Cement-based Slabs']}, {'class': 'ConcreteTiles', 'examples': ['Cement-based Tiles']}, {'class': 'MetalSheetMaterials', 'examples': ['Corrugated Metal', 'Standing Seam Metal']}]",Asia,Nepal,27.70439942,85.32229316
"Colombo, Sri Lanka","[{'class': 'ClayTiles', 'examples': ['Terracotta', 'Spanish Tiles', 'Mission Tiles']}, {'class': 'AmorphousConcrete', 'examples': ['Cement-based Slabs']}, {'class': 'ConcreteTiles', 'examples': ['Cement-based Tiles']}, {'class': 'MetalSheetMaterials', 'examples': ['Corrugated Metal', 'Standing Seam Metal']}]",Asia,Sri Lanka,6.917152346,79.86118368
"Bangkok, Thailand","[{'class': 'AmorphousAsphalt', 'examples': ['Bitumen']}, {'class': 'AsphaltTiles', 'examples': ['Asphalt Shingles']}, {'class': 'AmorphousConcrete', 'examples': ['Cement-based Slabs']}, {'class': 'ConcreteTiles', 'examples': ['Cement-based Tiles']}, {'class': 'MetalSheetMaterials', 'examples': ['Corrugated Metal', 'Standing Seam Metal']}]",Asia,Thailand,13.7643167,100.5268432
"Yangon, Myanmar","[{'class': 'AmorphousAsphalt', 'examples': ['Bitumen']}, {'class': 'AsphaltTiles', 'examples': ['Asphalt Shingles']}, {'class': 'AmorphousConcrete', 'examples': ['Cement-based Slabs']}, {'class': 'ConcreteTiles', 'examples': ['Cement-based Tiles']}, {'class': 'MetalSheetMaterials', 'examples': ['Corrugated Metal', 'Standing Seam Metal']}]",Asia,Myanmar,16.86444309,96.19118558
"Hanoi, Vietnam","[{'class': 'AmorphousAsphalt', 'examples': ['Bitumen']}, {'class': 'AsphaltTiles', 'examples': ['Asphalt Shingles']}, {'class': 'AmorphousConcrete', 'examples': ['Cement-based Slabs']}, {'class': 'ConcreteTiles', 'examples': ['Cement-based Tiles']}, {'class': 'MetalSheetMaterials', 'examples': ['Corrugated Metal', 'Standing Seam Metal']}]",Asia,Vietnam ,21.02281972,105.8352471
"Jakarta, Indonesia","[{'class': 'AmorphousAsphalt', 'examples': ['Bitumen']}, {'class': 'AsphaltTiles', 'examples': ['Asphalt Shingles']}, {'class': 'AmorphousConcrete', 'examples': ['Cement-based Slabs']}, {'class': 'ConcreteTiles', 'examples': ['Cement-based Tiles']}, {'class': 'MetalSheetMaterials', 'examples': ['Corrugated Metal', 'Standing Seam Metal']}]",Asia,Indonesia,-6.148853298,106.8336379
"Manila, Philippines","[{'class': 'AmorphousAsphalt', 'examples': ['Bitumen']}, {'class': 'AsphaltTiles', 'examples': ['Asphalt Shingles']}, {'class': 'AmorphousConcrete', 'examples': ['Cement-based Slabs']}, {'class': 'ConcreteTiles', 'examples': ['Cement-based Tiles']}, {'class': 'MetalSheetMaterials', 'examples': ['Corrugated Metal', 'Standing Seam Metal']}]",Asia,Philippines,14.59957152,120.9750966
"Phnom Penh, Cambodia","[{'class': 'ClayTiles', 'examples': ['Terracotta', 'Spanish Tiles', 'Mission Tiles']}, {'class': 'AmorphousConcrete', 'examples': ['Cement-based Slabs']}, {'class': 'ConcreteTiles', 'examples': ['Cement-based Tiles']}, {'class': 'MetalSheetMaterials', 'examples': ['Corrugated Metal', 'Standing Seam Metal']}]",Asia,Cambodia,11.54808332,104.8895001
"Vientiane, Laos","[{'class': 'AmorphousAsphalt', 'examples': ['Bitumen']}, {'class': 'AsphaltTiles', 'examples': ['Asphalt Shingles']}, {'class': 'AmorphousConcrete', 'examples': ['Cement-based Slabs']}, {'class': 'ConcreteTiles', 'examples': ['Cement-based Tiles']}, {'class': 'MetalSheetMaterials', 'examples': ['Corrugated Metal', 'Standing Seam Metal']}]",Asia,Laos,17.96615488,102.6181252
"Kuala Lumpur, Malaysia","[{'class': 'AmorphousAsphalt', 'examples': ['Bitumen']}, {'class': 'AsphaltTiles', 'examples': ['Asphalt Shingles']}, {'class': 'AmorphousConcrete', 'examples': ['Cement-based Slabs']}, {'class': 'ConcreteTiles', 'examples': ['Cement-based Tiles']}, {'class': 'MetalSheetMaterials', 'examples': ['Corrugated Metal', 'Standing Seam Metal']}]",Asia,Malaysia,3.157531559,101.6979758
"Singapore, Singapore","[{'class': 'AmorphousAsphalt', 'examples': ['Bitumen']}, {'class': 'AsphaltTiles', 'examples': ['Asphalt Shingles']}, {'class': 'AmorphousConcrete', 'examples': ['Cement-based Slabs']}, {'class': 'ConcreteTiles', 'examples': ['Cement-based Tiles']}, {'class': 'MetalSheetMaterials', 'examples': ['Corrugated Metal', 'Standing Seam Metal']}]",Asia,Singapore,1.313313583,103.8318904
"Bandar Seri Begawan, Brunei","[{'class': 'AmorphousAsphalt', 'examples': ['Bitumen']}, {'class': 'AsphaltTiles', 'examples': ['Asphalt Shingles']}, {'class': 'AmorphousConcrete', 'examples': ['Cement-based Slabs']}, {'class': 'ConcreteTiles', 'examples': ['Cement-based Tiles']}, {'class': 'MetalSheetMaterials', 'examples': ['Corrugated Metal', 'Standing Seam Metal']}]",Asia,Brunei,4.932650749,114.9370604
"Almaty, Kazakhstan","[{'class': 'AmorphousFabric', 'examples': ['Canvas Fabric, Cotton Fabric, Yurts']}, {'class': 'AmorphousAsphalt', 'examples': ['Bitumen']}, {'class': 'AsphaltTiles', 'examples': ['Asphalt Shingles']}, {'class': 'AmorphousConcrete', 'examples': ['Cement-based Slabs']}, {'class': 'ConcreteTiles', 'examples': ['Cement-based Tiles']}, {'class': 'MetalSheetMaterials', 'examples': ['Corrugated Metal', 'Standing Seam Metal']}]",Asia,Kazakhstan,43.26057313,76.88728437
"Tashkent, Uzbekistan","[{'class': 'AmorphousAsphalt', 'examples': ['Bitumen']}, {'class': 'AsphaltTiles', 'examples': ['Asphalt Shingles']}, {'class': 'AmorphousConcrete', 'examples': ['Cement-based Slabs']}, {'class': 'ConcreteTiles', 'examples': ['Cement-based Tiles']}, {'class': 'MetalSheetMaterials', 'examples': ['Corrugated Metal', 'Standing Seam Metal']}]",Asia,Uzbekistan,41.32205873,69.23610803
"Ashgabat, Turkmenistan","[{'class': 'AmorphousAsphalt', 'examples': ['Bitumen']}, {'class': 'AsphaltTiles', 'examples': ['Asphalt Shingles']}, {'class': 'AmorphousConcrete', 'examples': ['Cement-based Slabs']}, {'class': 'ConcreteTiles', 'examples': ['Cement-based Tiles']}, {'class': 'MetalSheetMaterials', 'examples': ['Corrugated Metal', 'Standing Seam Metal']}]",Asia,Turkmenistan,37.93712637,58.38499494
"Bishkek, Kyrgyzstan","[{'class': 'AmorphousAsphalt', 'examples': ['Bitumen']}, {'class': 'AsphaltTiles', 'examples': ['Asphalt Shingles']}, {'class': 'AmorphousConcrete', 'examples': ['Cement-based Slabs']}, {'class': 'ConcreteTiles', 'examples': ['Cement-based Tiles']}, {'class': 'MetalSheetMaterials', 'examples': ['Corrugated Metal', 'Standing Seam Metal']}]",Asia,Kyrgystan,42.87310104,74.60974298
"Dushanbe, Tajikistan","[{'class': 'AmorphousAsphalt', 'examples': ['Bitumen']}, {'class': 'AsphaltTiles', 'examples': ['Asphalt Shingles']}, {'class': 'AmorphousConcrete', 'examples': ['Cement-based Slabs']}, {'class': 'ConcreteTiles', 'examples': ['Cement-based Tiles']}, {'class': 'MetalSheetMaterials', 'examples': ['Corrugated Metal', 'Standing Seam Metal']}]",Asia,Tajikistan,38.5587735,68.74948027
"Tehran, Iran","[{'class': 'AmorphousAsphalt', 'examples': ['Bitumen']}, {'class': 'AsphaltTiles', 'examples': ['Asphalt Shingles']}, {'class': 'AmorphousConcrete', 'examples': ['Cement-based Slabs']}, {'class': 'ConcreteTiles', 'examples': ['Cement-based Tiles']}, {'class': 'MetalSheetMaterials', 'examples': ['Corrugated Metal', 'Standing Seam Metal']}]",Middle East,Iran,35.71482171,51.35280508
"Baghdad, Iraq","[{'class': 'AmorphousAsphalt', 'examples': ['Bitumen']}, {'class': 'AsphaltTiles', 'examples': ['Asphalt Shingles']}, {'class': 'AmorphousConcrete', 'examples': ['Cement-based Slabs']}, {'class': 'ConcreteTiles', 'examples': ['Cement-based Tiles']}, {'class': 'MetalSheetMaterials', 'examples': ['Corrugated Metal', 'Standing Seam Metal']}]",Middle East,Iraq,33.30623453,44.34079879
"Riyadh, Saudi Arabia","[{'class': 'AmorphousMembrane', 'examples': ['EPDM', 'TPO', 'PVC Roofing']}, {'class': 'ClayTiles', 'examples': ['Terracotta', 'Spanish Tiles', 'Mission Tiles']}, {'class': 'ConcreteTiles', 'examples': ['Cement-based Tiles']}]",Middle East,Saudi Arabia,24.66655054,46.75661081
"Istanbul, Turkey","[{'class': 'AmorphousAsphalt', 'examples': ['Bitumen']}, {'class': 'AsphaltTiles', 'examples': ['Asphalt Shingles']}, {'class': 'AmorphousConcrete', 'examples': ['Cement-based Slabs']}, {'class': 'ConcreteTiles', 'examples': ['Cement-based Tiles']}, {'class': 'MetalSheetMaterials', 'examples': ['Corrugated Metal', 'Standing Seam Metal']}]",Europe,Turkey ,41.02345517,28.93733508
"Damascus, Syria","[{'class': 'AmorphousAsphalt', 'examples': ['Bitumen']}, {'class': 'AsphaltTiles', 'examples': ['Asphalt Shingles']}, {'class': 'AmorphousConcrete', 'examples': ['Cement-based Slabs']}, {'class': 'ConcreteTiles', 'examples': ['Cement-based Tiles']}, {'class': 'MetalSheetMaterials', 'examples': ['Corrugated Metal', 'Standing Seam Metal']}]",Middle East,Syria,33.50819116,36.29559839
"Beirut, Lebanon","[{'class': 'AmorphousAsphalt', 'examples': ['Bitumen']}, {'class': 'AsphaltTiles', 'examples': ['Asphalt Shingles']}, {'class': 'AmorphousConcrete', 'examples': ['Cement-based Slabs']}, {'class': 'ConcreteTiles', 'examples': ['Cement-based Tiles']}, {'class': 'MetalSheetMaterials', 'examples': ['Corrugated Metal', 'Standing Seam Metal']}]",Middle East,Lebanon ,33.8937069,35.50771553
"Jerusalem, Israel","[{'class': 'AmorphousAsphalt', 'examples': ['Bitumen']}, {'class': 'AsphaltTiles', 'examples': ['Asphalt Shingles']}, {'class': 'AmorphousConcrete', 'examples': ['Cement-based Slabs']}, {'class': 'ConcreteTiles', 'examples': ['Cement-based Tiles']}, {'class': 'MetalSheetMaterials', 'examples': ['Corrugated Metal', 'Standing Seam Metal']}]",Middle East,Israel ,31.76436107,35.2175877
"Amman, Jordan","[{'class': 'AmorphousAsphalt', 'examples': ['Bitumen']}, {'class': 'AsphaltTiles', 'examples': ['Asphalt Shingles']}, {'class': 'AmorphousConcrete', 'examples': ['Cement-based Slabs']}, {'class': 'ConcreteTiles', 'examples': ['Cement-based Tiles']}, {'class': 'MetalSheetMaterials', 'examples': ['Corrugated Metal', 'Standing Seam Metal']}]",Middle East,Jordan ,31.94944326,35.95449725
"Dubai, United Arab Emirates","[{'class': 'AmorphousAsphalt', 'examples': ['Bitumen']}, {'class': 'AsphaltTiles', 'examples': ['Asphalt Shingles']}, {'class': 'AmorphousConcrete', 'examples': ['Cement-based Slabs']}, {'class': 'ConcreteTiles', 'examples': ['Cement-based Tiles']}, {'class': 'MetalSheetMaterials', 'examples': ['Corrugated Metal', 'Standing Seam Metal']}, {'class': 'AmorphousMembrane', 'examples': ['EPDM', 'TPO', 'PVC Roofing']}]",Middle East,United Arab Emirates,25.14503683,55.20551528
"Sanaa, Yemen","[{'class': 'AmorphousAsphalt', 'examples': ['Bitumen']}, {'class': 'AsphaltTiles', 'examples': ['Asphalt Shingles']}, {'class': 'AmorphousConcrete', 'examples': ['Cement-based Slabs']}, {'class': 'ConcreteTiles', 'examples': ['Cement-based Tiles']}, {'class': 'MetalSheetMaterials', 'examples': ['Corrugated Metal', 'Standing Seam Metal']}]",Middle East,Yemen,15.36963769,44.21540047
"Moscow, Russia","[{'class': 'AmorphousAsphalt', 'examples': ['Bitumen']}, {'class': 'AsphaltTiles', 'examples': ['Asphalt Shingles']}, {'class': 'AmorphousConcrete', 'examples': ['Cement-based Slabs']}, {'class': 'ConcreteTiles', 'examples': ['Cement-based Tiles']}, {'class': 'MetalSheetMaterials', 'examples': ['Corrugated Metal', 'Standing Seam Metal']}]",Europe,Russia,55.74160176,37.62447612
"Berlin, Germany","[{'class': 'AmorphousAsphalt', 'examples': ['Bitumen']}, {'class': 'WoodTiles', 'examples': ['Wood Shingles', 'Wood Shakes']},{'class': 'AsphaltTiles', 'examples': ['Asphalt Shingles']}, {'class': 'AmorphousConcrete', 'examples': ['Cement-based Slabs']}, {'class': 'ConcreteTiles', 'examples': ['Cement-based Tiles']}, {'class': 'MetalSheetMaterials', 'examples': ['Corrugated Metal', 'Standing Seam Metal']}]",Europe,Germany ,52.50475436,13.42747832
"Vienna, Austria","[{'class': 'AmorphousAsphalt', 'examples': ['Bitumen']}, {'class': 'AsphaltTiles', 'examples': ['Asphalt Shingles']}, {'class': 'WoodTiles', 'examples': ['Wood Shingles', 'Wood Shakes']},{'class': 'AmorphousConcrete', 'examples': ['Cement-based Slabs']}, {'class': 'ConcreteTiles', 'examples': ['Cement-based Tiles']}, {'class': 'MetalSheetMaterials', 'examples': ['Corrugated Metal', 'Standing Seam Metal']}]",Europe,Austria,48.22869598,16.37758251
"Zurich, Switzerland","[{'class': 'AmorphousAsphalt', 'examples': ['Bitumen']}, {'class': 'AsphaltTiles', 'examples': ['Asphalt Shingles']},{'class': 'WoodTiles', 'examples': ['Wood Shingles', 'Wood Shakes']}, {'class': 'AmorphousConcrete', 'examples': ['Cement-based Slabs']}, {'class': 'ConcreteTiles', 'examples': ['Cement-based Tiles']}, {'class': 'MetalSheetMaterials', 'examples': ['Corrugated Metal', 'Standing Seam Metal']}]",Europe,Switzerland,47.37174553,8.536392174
"Prague, Czech Republic","[{'class': 'AmorphousAsphalt', 'examples': ['Bitumen']}, {'class': 'WoodTiles', 'examples': ['Wood Shingles', 'Wood Shakes']},{'class': 'AsphaltTiles', 'examples': ['Asphalt Shingles']}, {'class': 'AmorphousConcrete', 'examples': ['Cement-based Slabs']}, {'class': 'ConcreteTiles', 'examples': ['Cement-based Tiles']}, {'class': 'MetalSheetMaterials', 'examples': ['Corrugated Metal', 'Standing Seam Metal']}]",Europe,Czech Republic,50.08919544,14.43129162
"Warsaw, Poland","[{'class': 'AmorphousAsphalt', 'examples': ['Bitumen']}, {'class': 'AsphaltTiles', 'examples': ['Asphalt Shingles']}, {'class': 'AmorphousConcrete', 'examples': ['Cement-based Slabs']}, {'class': 'ConcreteTiles', 'examples': ['Cement-based Tiles']}, {'class': 'MetalSheetMaterials', 'examples': ['Corrugated Metal', 'Standing Seam Metal']}]",Europe,Poland,52.2395197,21.00923469
"Budapest, Hungary","[{'class': 'AmorphousAsphalt', 'examples': ['Bitumen']},{'class': 'WoodTiles', 'examples': ['Wood Shingles', 'Wood Shakes']}, {'class': 'AsphaltTiles', 'examples': ['Asphalt Shingles']}, {'class': 'AmorphousConcrete', 'examples': ['Cement-based Slabs']}, {'class': 'ConcreteTiles', 'examples': ['Cement-based Tiles']}, {'class': 'MetalSheetMaterials', 'examples': ['Corrugated Metal', 'Standing Seam Metal']}]",Europe,Hungary,47.50788995,19.05751857
"Madrid, Spain","[{'class': 'AmorphousAsphalt', 'examples': ['Bitumen']}, {'class': 'AsphaltTiles', 'examples': ['Asphalt Shingles']}, {'class': 'AmorphousConcrete', 'examples': ['Cement-based Slabs']}, {'class': 'ConcreteTiles', 'examples': ['Cement-based Tiles']}, {'class': 'MetalSheetMaterials', 'examples': ['Corrugated Metal', 'Standing Seam Metal']}]",Europe,Spain ,40.42776259,-3.704942538
"Lisbon, Portugal","[{'class': 'AmorphousAsphalt', 'examples': ['Bitumen']}, {'class': 'AsphaltTiles', 'examples': ['Asphalt Shingles']}, {'class': 'AmorphousConcrete', 'examples': ['Cement-based Slabs']}, {'class': 'ConcreteTiles', 'examples': ['Cement-based Tiles']}, {'class': 'MetalSheetMaterials', 'examples': ['Corrugated Metal', 'Standing Seam Metal']}]",Europe,Portugal ,38.71689519,-9.125403528
"Rome, Italy","[{'class': 'AmorphousAsphalt', 'examples': ['Bitumen']}, {'class': 'AsphaltTiles', 'examples': ['Asphalt Shingles']}, {'class': 'AmorphousConcrete', 'examples': ['Cement-based Slabs']}, {'class': 'ConcreteTiles', 'examples': ['Cement-based Tiles']}, {'class': 'MetalSheetMaterials', 'examples': ['Corrugated Metal', 'Standing Seam Metal']}]",Europe,Italy,41.90419436,12.48037961
"Athens, Greece","[{'class': 'AmorphousAsphalt', 'examples': ['Bitumen']}, {'class': 'AsphaltTiles', 'examples': ['Asphalt Shingles']}, {'class': 'AmorphousConcrete', 'examples': ['Cement-based Slabs']}, {'class': 'ConcreteTiles', 'examples': ['Cement-based Tiles']}, {'class': 'MetalSheetMaterials', 'examples': ['Corrugated Metal', 'Standing Seam Metal']}]",Europe,Greece,37.98779316,23.72683804
"Marseille, France","[{'class': 'AmorphousAsphalt', 'examples': ['Bitumen']}, {'class': 'AsphaltTiles', 'examples': ['Asphalt Shingles']}, {'class': 'AmorphousConcrete', 'examples': ['Cement-based Slabs']}, {'class': 'ConcreteTiles', 'examples': ['Cement-based Tiles']}, {'class': 'MetalSheetMaterials', 'examples': ['Corrugated Metal', 'Standing Seam Metal']}]",Europe,France,43.31756892,5.377890962
"Valletta, Malta","[{'class': 'AmorphousAsphalt', 'examples': ['Bitumen']}, {'class': 'AsphaltTiles', 'examples': ['Asphalt Shingles']}, {'class': 'AmorphousConcrete', 'examples': ['Cement-based Slabs']}, {'class': 'ConcreteTiles', 'examples': ['Cement-based Tiles']}, {'class': 'MetalSheetMaterials', 'examples': ['Corrugated Metal', 'Standing Seam Metal']}]",Europe,Malta,35.89879066,14.51441024
"Stockholm, Sweden","[{'class': 'MetalSheetMaterials', 'examples': ['Corrugated Metal', 'Standing Seam Metal']}, {'class': 'WoodTiles', 'examples': ['Wood Shingles', 'Wood Shakes']},{'class': 'AmorphousConcrete', 'examples': ['Cement-based Slabs']}, {'class': 'ConcreteTiles', 'examples': ['Cement-based Tiles']}, {'class': 'StoneSlates', 'examples': ['Slate', 'Sandstone', 'Schist']}]",Europe,Sweden ,59.34153136,18.07104899
"Oslo, Norway","[{'class': 'MetalSheetMaterials', 'examples': ['Corrugated Metal', 'Standing Seam Metal']}, {'class': 'WoodTiles', 'examples': ['Wood Shingles', 'Wood Shakes']},{'class': 'AmorphousConcrete', 'examples': ['Cement-based Slabs']}, {'class': 'ConcreteTiles', 'examples': ['Cement-based Tiles']}, {'class': 'StoneSlates', 'examples': ['Slate', 'Sandstone', 'Schist']}]",Europe,Norway,59.92225776,10.73567802
"Copenhagen, Denmark","[{'class': 'AmorphousAsphalt', 'examples': ['Bitumen']}, {'class': 'AsphaltTiles', 'examples': ['Asphalt Shingles']}, {'class': 'WoodTiles', 'examples': ['Wood Shingles', 'Wood Shakes']},{'class': 'AmorphousConcrete', 'examples': ['Cement-based Slabs']}, {'class': 'ConcreteTiles', 'examples': ['Cement-based Tiles']}, {'class': 'MetalSheetMaterials', 'examples': ['Corrugated Metal', 'Standing Seam Metal']}]",Europe,Denmark ,55.6846244,12.58009098
"Helsinki, Finland","[{'class': 'MetalSheetMaterials', 'examples': ['Corrugated Metal', 'Standing Seam Metal']}, {'class': 'WoodTiles', 'examples': ['Wood Shingles', 'Wood Shakes']},{'class': 'AmorphousConcrete', 'examples': ['Cement-based Slabs']}, {'class': 'ConcreteTiles', 'examples': ['Cement-based Tiles']}, {'class': 'StoneSlates', 'examples': ['Slate', 'Sandstone', 'Schist']}]",Europe,Finland ,60.18774683,24.94314934
"Reykjavik, Iceland","[{'class': 'MetalSheetMaterials', 'examples': ['Corrugated Metal', 'Standing Seam Metal']}, {'class': 'AmorphousConcrete', 'examples': ['Cement-based Slabs']}, {'class': 'ConcreteTiles', 'examples': ['Cement-based Tiles']}, {'class': 'StoneSlates', 'examples': ['Slate', 'Sandstone', 'Schist']}]",Europe,Iceland,64.133041,-21.85862217
"Kyiv, Ukraine","[{'class': 'AmorphousAsphalt', 'examples': ['Bitumen']}, {'class': 'WoodTiles', 'examples': ['Wood Shingles', 'Wood Shakes']},{'class': 'AsphaltTiles', 'examples': ['Asphalt Shingles']}, {'class': 'AmorphousConcrete', 'examples': ['Cement-based Slabs']}, {'class': 'ConcreteTiles', 'examples': ['Cement-based Tiles']}, {'class': 'MetalSheetMaterials', 'examples': ['Corrugated Metal', 'Standing Seam Metal']}]",Europe,Ukraine,50.47594327,30.51483776
"Minsk, Belarus","[{'class': 'AmorphousAsphalt', 'examples': ['Bitumen']},{'class': 'WoodTiles', 'examples': ['Wood Shingles', 'Wood Shakes']}, {'class': 'AsphaltTiles', 'examples': ['Asphalt Shingles']}, {'class': 'AmorphousConcrete', 'examples': ['Cement-based Slabs']}, {'class': 'ConcreteTiles', 'examples': ['Cement-based Tiles']}, {'class': 'MetalSheetMaterials', 'examples': ['Corrugated Metal', 'Standing Seam Metal']}]",Europe,Belarus,53.91397174,27.55972282
"Bucharest, Romania","[{'class': 'AmorphousMembrane', 'examples': ['EPDM', 'TPO', 'PVC Roofing']},{'class': 'WoodTiles', 'examples': ['Wood Shingles', 'Wood Shakes']}, {'class': 'ClayTiles', 'examples': ['Terracotta', 'Spanish Tiles', 'Mission Tiles']}, {'class': 'ConcreteTiles', 'examples': ['Cement-based Tiles']}]",Europe,Romania,44.44101243,26.09463755
"Sofia, Bulgaria","[{'class': 'AmorphousAsphalt', 'examples': ['Bitumen']}, {'class': 'AsphaltTiles', 'examples': ['Asphalt Shingles']},{'class': 'WoodTiles', 'examples': ['Wood Shingles', 'Wood Shakes']}, {'class': 'AmorphousConcrete', 'examples': ['Cement-based Slabs']}, {'class': 'ConcreteTiles', 'examples': ['Cement-based Tiles']}, {'class': 'MetalSheetMaterials', 'examples': ['Corrugated Metal', 'Standing Seam Metal']}]",Europe,Bulgaria,42.71586763,23.32875321
"Riga, Latvia","[{'class': 'AmorphousAsphalt', 'examples': ['Bitumen']}, {'class': 'AsphaltTiles', 'examples': ['Asphalt Shingles']},{'class': 'WoodTiles', 'examples': ['Wood Shingles', 'Wood Shakes']}, {'class': 'AmorphousConcrete', 'examples': ['Cement-based Slabs']}, {'class': 'ConcreteTiles', 'examples': ['Cement-based Tiles']}, {'class': 'MetalSheetMaterials', 'examples': ['Corrugated Metal', 'Standing Seam Metal']}]",Europe,Latvia,56.96183835,24.10916073
"Vilnius, Lithuania","[{'class': 'AmorphousAsphalt', 'examples': ['Bitumen']}, {'class': 'AsphaltTiles', 'examples': ['Asphalt Shingles']}, {'class': 'WoodTiles', 'examples': ['Wood Shingles', 'Wood Shakes']},{'class': 'AmorphousConcrete', 'examples': ['Cement-based Slabs']}, {'class': 'ConcreteTiles', 'examples': ['Cement-based Tiles']}, {'class': 'MetalSheetMaterials', 'examples': ['Corrugated Metal', 'Standing Seam Metal']}]",Europe,Lithuania ,54.69770852,25.26607996
"Belgrade, Serbia","[{'class': 'AmorphousAsphalt', 'examples': ['Bitumen']}, {'class': 'AsphaltTiles', 'examples': ['Asphalt Shingles']},{'class': 'WoodTiles', 'examples': ['Wood Shingles', 'Wood Shakes']}, {'class': 'AmorphousConcrete', 'examples': ['Cement-based Slabs']}, {'class': 'ConcreteTiles', 'examples': ['Cement-based Tiles']}, {'class': 'MetalSheetMaterials', 'examples': ['Corrugated Metal', 'Standing Seam Metal']}]",Europe,Serbia,44.81121885,20.48975945
"Zagreb, Croatia","[{'class': 'AmorphousAsphalt', 'examples': ['Bitumen']}, {'class': 'AsphaltTiles', 'examples': ['Asphalt Shingles']}, {'class': 'AmorphousConcrete', 'examples': ['Cement-based Slabs']}, {'class': 'ConcreteTiles', 'examples': ['Cement-based Tiles']}, {'class': 'MetalSheetMaterials', 'examples': ['Corrugated Metal', 'Standing Seam Metal']}]",Europe,Croatia,45.80569123,15.96093077
"Tirana, Albania","[{'class': 'AmorphousAsphalt', 'examples': ['Bitumen']}, {'class': 'AsphaltTiles', 'examples': ['Asphalt Shingles']}, {'class': 'AmorphousConcrete', 'examples': ['Cement-based Slabs']}, {'class': 'ConcreteTiles', 'examples': ['Cement-based Tiles']}, {'class': 'MetalSheetMaterials', 'examples': ['Corrugated Metal', 'Standing Seam Metal']}]",Europe,Albania,41.33434477,19.82194307
"Sarajevo, Bosnia and Herzegovina","[{'class': 'AmorphousAsphalt', 'examples': ['Bitumen']}, {'class': 'AsphaltTiles', 'examples': ['Asphalt Shingles']}, {'class': 'AmorphousConcrete', 'examples': ['Cement-based Slabs']}, {'class': 'ConcreteTiles', 'examples': ['Cement-based Tiles']}, {'class': 'MetalSheetMaterials', 'examples': ['Corrugated Metal', 'Standing Seam Metal']}]",Europe,Bosnia and Herzegovina,43.85684815,18.366512
"Skopje, North Macedonia","[{'class': 'AmorphousAsphalt', 'examples': ['Bitumen']}, {'class': 'AsphaltTiles', 'examples': ['Asphalt Shingles']}, {'class': 'AmorphousConcrete', 'examples': ['Cement-based Slabs']}, {'class': 'ConcreteTiles', 'examples': ['Cement-based Tiles']}, {'class': 'MetalSheetMaterials', 'examples': ['Corrugated Metal', 'Standing Seam Metal']}]",Europe,North Macedonia,41.99896268,21.44033977
"London, United Kingdom","[{'class': 'AmorphousAsphalt', 'examples': ['Bitumen']}, {'class': 'AsphaltTiles', 'examples': ['Asphalt Shingles']}, {'class': 'AmorphousConcrete', 'examples': ['Cement-based Slabs']}, {'class': 'ConcreteTiles', 'examples': ['Cement-based Tiles']}, {'class': 'MetalSheetMaterials', 'examples': ['Corrugated Metal', 'Standing Seam Metal']}]",Europe,England,51.52223352,-0.124944609
"Dublin, Ireland","[{'class': 'ClayTiles', 'examples': ['Terracotta', 'Spanish Tiles', 'Mission Tiles']}, {'class': 'StoneSlates', 'examples': ['Slate', 'Sandstone', 'Schist']}, {'class': 'Thatch', 'examples': ['Straw', 'Palm', 'Reed']}]",Europe,Ireland,53.34297661,-6.266990115
"Brussels, Belgium","[{'class': 'AmorphousAsphalt', 'examples': ['Bitumen']}, {'class': 'WoodTiles', 'examples': ['Wood Shingles', 'Wood Shakes']},{'class': 'AsphaltTiles', 'examples': ['Asphalt Shingles']}, {'class': 'AmorphousConcrete', 'examples': ['Cement-based Slabs']}, {'class': 'ConcreteTiles', 'examples': ['Cement-based Tiles']}, {'class': 'MetalSheetMaterials', 'examples': ['Corrugated Metal', 'Standing Seam Metal']}]",Europe,Belgium,50.8411755,4.351345221
"Amsterdam, Netherlands","[{'class': 'AmorphousAsphalt', 'examples': ['Bitumen']},{'class': 'WoodTiles', 'examples': ['Wood Shingles', 'Wood Shakes']}, {'class': 'AsphaltTiles', 'examples': ['Asphalt Shingles']}, {'class': 'AmorphousConcrete', 'examples': ['Cement-based Slabs']}, {'class': 'ConcreteTiles', 'examples': ['Cement-based Tiles']}, {'class': 'MetalSheetMaterials', 'examples': ['Corrugated Metal', 'Standing Seam Metal']}]",Europe,Netherlands,52.37745162,4.898815136
"Sydney, Australia","[{'class': 'AmorphousAsphalt', 'examples': ['Bitumen']}, {'class': 'AsphaltTiles', 'examples': ['Asphalt Shingles']}, {'class': 'AmorphousConcrete', 'examples': ['Cement-based Slabs']}, {'class': 'ConcreteTiles', 'examples': ['Cement-based Tiles']}, {'class': 'MetalSheetMaterials', 'examples': ['Corrugated Metal', 'Standing Seam Metal']}, {'class': 'AmorphousMembrane', 'examples': ['EPDM', 'TPO', 'PVC Roofing']}]",Oceania,Australia,-33.88188325,151.2038864
"Auckland, New Zealand","[{'class': 'AmorphousAsphalt', 'examples': ['Bitumen']}, {'class': 'AsphaltTiles', 'examples': ['Asphalt Shingles']}, {'class': 'AmorphousConcrete', 'examples': ['Cement-based Slabs']}, {'class': 'ConcreteTiles', 'examples': ['Cement-based Tiles']}, {'class': 'MetalSheetMaterials', 'examples': ['Corrugated Metal', 'Standing Seam Metal']}]",Oceania,New Zealand,-36.93951407,174.8498058
"Suva, Fiji","[{'class': 'AmorphousAsphalt', 'examples': ['Bitumen']}, {'class': 'AsphaltTiles', 'examples': ['Asphalt Shingles']}, {'class': 'AmorphousConcrete', 'examples': ['Cement-based Slabs']}, {'class': 'ConcreteTiles', 'examples': ['Cement-based Tiles']}, {'class': 'MetalSheetMaterials', 'examples': ['Corrugated Metal', 'Standing Seam Metal']}]",Oceania,Fiji ,-18.11717466,178.4516587
"Port Moresby, Papua New Guinea","[{'class': 'AmorphousAsphalt', 'examples': ['Bitumen']}, {'class': 'AsphaltTiles', 'examples': ['Asphalt Shingles']}, {'class': 'AmorphousConcrete', 'examples': ['Cement-based Slabs']}, {'class': 'ConcreteTiles', 'examples': ['Cement-based Tiles']}, {'class': 'MetalSheetMaterials', 'examples': ['Corrugated Metal', 'Standing Seam Metal']}]",Oceania,Papua New Guinea,-9.44006261,147.1899161
"Cairo, Egypt","[{'class': 'AmorphousMembrane', 'examples': ['EPDM', 'TPO', 'PVC Roofing']}, {'class': 'ClayTiles', 'examples': ['Terracotta', 'Spanish Tiles', 'Mission Tiles']}, {'class': 'ConcreteTiles', 'examples': ['Cement-based Tiles']}]",Africa,Egypt ,30.074419,31.25640441
"Casablanca, Morocco","[{'class': 'AmorphousMembrane', 'examples': ['EPDM', 'TPO', 'PVC Roofing']}, {'class': 'ClayTiles', 'examples': ['Terracotta', 'Spanish Tiles', 'Mission Tiles']}, {'class': 'ConcreteTiles', 'examples': ['Cement-based Tiles']}]",Africa,Morocco,33.59087892,-7.613771678
"Algiers, Algeria","[{'class': 'AmorphousAsphalt', 'examples': ['Bitumen']}, {'class': 'AsphaltTiles', 'examples': ['Asphalt Shingles']}, {'class': 'AmorphousConcrete', 'examples': ['Cement-based Slabs']}, {'class': 'ConcreteTiles', 'examples': ['Cement-based Tiles']}, {'class': 'MetalSheetMaterials', 'examples': ['Corrugated Metal', 'Standing Seam Metal']}]",Africa,Algeria,36.73434113,3.092638999
"Tunis, Tunisia","[{'class': 'AmorphousAsphalt', 'examples': ['Bitumen']}, {'class': 'AsphaltTiles', 'examples': ['Asphalt Shingles']}, {'class': 'AmorphousConcrete', 'examples': ['Cement-based Slabs']}, {'class': 'ConcreteTiles', 'examples': ['Cement-based Tiles']}, {'class': 'MetalSheetMaterials', 'examples': ['Corrugated Metal', 'Standing Seam Metal']}]",Africa,Tunisia,36.8050546,10.16387696
"Tripoli, Libya","[{'class': 'AmorphousMembrane', 'examples': ['EPDM', 'TPO', 'PVC Roofing']}, {'class': 'ClayTiles', 'examples': ['Terracotta', 'Spanish Tiles', 'Mission Tiles']}, {'class': 'ConcreteTiles', 'examples': ['Cement-based Tiles']}]",Africa,Libya,32.88776606,13.19262738
"Lagos, Nigeria","[{'class': 'MetalSheetMaterials', 'examples': ['Corrugated Metal', 'Standing Seam Metal']}, {'class': 'AmorphousConcrete', 'examples': ['Cement-based Slabs']}, {'class': 'ConcreteTiles', 'examples': ['Cement-based Tiles']}, {'class': 'Thatch', 'examples': ['Straw', 'Palm', 'Reed']}]",Africa,Nigeria,6.5197444,3.342324411
"Accra, Ghana","[{'class': 'MetalSheetMaterials', 'examples': ['Corrugated Metal', 'Standing Seam Metal']}, {'class': 'AmorphousConcrete', 'examples': ['Cement-based Slabs']}, {'class': 'ConcreteTiles', 'examples': ['Cement-based Tiles']}, {'class': 'Thatch', 'examples': ['Straw', 'Palm', 'Reed']}]",Africa,Ghana,5.573098885,-0.196895594
"Dakar, Senegal","[{'class': 'AmorphousAsphalt', 'examples': ['Bitumen']}, {'class': 'AsphaltTiles', 'examples': ['Asphalt Shingles']}, {'class': 'AmorphousConcrete', 'examples': ['Cement-based Slabs']}, {'class': 'ConcreteTiles', 'examples': ['Cement-based Tiles']}, {'class': 'MetalSheetMaterials', 'examples': ['Corrugated Metal', 'Standing Seam Metal']}]",Africa,Senegal,14.72513689,-17.45895855
"Bamako, Mali","[{'class': 'AmorphousAsphalt', 'examples': ['Bitumen']}, {'class': 'AsphaltTiles', 'examples': ['Asphalt Shingles']}, {'class': 'AmorphousConcrete', 'examples': ['Cement-based Slabs']}, {'class': 'ConcreteTiles', 'examples': ['Cement-based Tiles']}, {'class': 'MetalSheetMaterials', 'examples': ['Corrugated Metal', 'Standing Seam Metal']}]",Africa,Mali,12.65044764,-7.988646601
"Abidjan, Ivory Coast","[{'class': 'AmorphousAsphalt', 'examples': ['Bitumen']}, {'class': 'AsphaltTiles', 'examples': ['Asphalt Shingles']}, {'class': 'AmorphousConcrete', 'examples': ['Cement-based Slabs']}, {'class': 'ConcreteTiles', 'examples': ['Cement-based Tiles']}, {'class': 'MetalSheetMaterials', 'examples': ['Corrugated Metal', 'Standing Seam Metal']}]",Africa,Ivory Coast,5.344006319,-4.024983609
"Ouagadougou, Burkina Faso","[{'class': 'AmorphousAsphalt', 'examples': ['Bitumen']}, {'class': 'AsphaltTiles', 'examples': ['Asphalt Shingles']}, {'class': 'AmorphousConcrete', 'examples': ['Cement-based Slabs']}, {'class': 'ConcreteTiles', 'examples': ['Cement-based Tiles']}, {'class': 'MetalSheetMaterials', 'examples': ['Corrugated Metal', 'Standing Seam Metal']}]",Africa,Burkina Faso,12.37576289,-1.503197672
"Kinshasa, Democratic Republic of the Congo","[{'class': 'AmorphousAsphalt', 'examples': ['Bitumen']}, {'class': 'AsphaltTiles', 'examples': ['Asphalt Shingles']}, {'class': 'AmorphousConcrete', 'examples': ['Cement-based Slabs']}, {'class': 'ConcreteTiles', 'examples': ['Cement-based Tiles']}, {'class': 'MetalSheetMaterials', 'examples': ['Corrugated Metal', 'Standing Seam Metal']}]",Africa,Democratic Republic of the Congo,-4.323528825,15.31063337
"NDjamena, Chad","[{'class': 'AmorphousAsphalt', 'examples': ['Bitumen']}, {'class': 'AsphaltTiles', 'examples': ['Asphalt Shingles']}, {'class': 'AmorphousConcrete', 'examples': ['Cement-based Slabs']}, {'class': 'ConcreteTiles', 'examples': ['Cement-based Tiles']}, {'class': 'MetalSheetMaterials', 'examples': ['Corrugated Metal', 'Standing Seam Metal']}]",Africa,Chad,12.11870773,15.06295211
"Yaoundé, Cameroon","[{'class': 'AmorphousAsphalt', 'examples': ['Bitumen']}, {'class': 'AsphaltTiles', 'examples': ['Asphalt Shingles']}, {'class': 'AmorphousConcrete', 'examples': ['Cement-based Slabs']}, {'class': 'ConcreteTiles', 'examples': ['Cement-based Tiles']}, {'class': 'MetalSheetMaterials', 'examples': ['Corrugated Metal', 'Standing Seam Metal']}]",Africa,Cameroon,3.868499323,11.52967922
"Libreville, Gabon","[{'class': 'AmorphousAsphalt', 'examples': ['Bitumen']}, {'class': 'AsphaltTiles', 'examples': ['Asphalt Shingles']}, {'class': 'AmorphousConcrete', 'examples': ['Cement-based Slabs']}, {'class': 'ConcreteTiles', 'examples': ['Cement-based Tiles']}, {'class': 'MetalSheetMaterials', 'examples': ['Corrugated Metal', 'Standing Seam Metal']}]",Africa,Gabon,0.401769162,9.45866219
"Luanda, Angola","[{'class': 'AmorphousAsphalt', 'examples': ['Bitumen']}, {'class': 'AsphaltTiles', 'examples': ['Asphalt Shingles']}, {'class': 'AmorphousConcrete', 'examples': ['Cement-based Slabs']}, {'class': 'ConcreteTiles', 'examples': ['Cement-based Tiles']}, {'class': 'MetalSheetMaterials', 'examples': ['Corrugated Metal', 'Standing Seam Metal']}]",Africa,Angola,-8.830803101,13.25663867
"Addis Ababa, Ethiopia","[{'class': 'MetalSheetMaterials', 'examples': ['Corrugated Metal', 'Standing Seam Metal']}, {'class': 'AmorphousConcrete', 'examples': ['Cement-based Slabs']}, {'class': 'ConcreteTiles', 'examples': ['Cement-based Tiles']}, {'class': 'Thatch', 'examples': ['Straw', 'Palm', 'Reed']}]",Africa,Ethiopia,9.0164164,38.75273891
"Nairobi, Kenya","[{'class': 'ClayTiles', 'examples': ['Terracotta', 'Spanish Tiles', 'Mission Tiles']},{'class': 'MetalSheetMaterials', 'examples': ['Corrugated Metal', 'Standing Seam Metal']}, {'class': 'AmorphousConcrete', 'examples': ['Cement-based Slabs']}, {'class': 'ConcreteTiles', 'examples': ['Cement-based Tiles']}, {'class': 'Thatch', 'examples': ['Straw', 'Palm', 'Reed']}]",Africa,Kenya,-1.280212172,36.82817077
"Dodoma, Tanzania","[{'class': 'MetalSheetMaterials', 'examples': ['Corrugated Metal', 'Standing Seam Metal']}, {'class': 'AmorphousConcrete', 'examples': ['Cement-based Slabs']}, {'class': 'ConcreteTiles', 'examples': ['Cement-based Tiles']}, {'class': 'Thatch', 'examples': ['Straw', 'Palm', 'Reed']}]",Africa,Tanzania,-6.170046269,35.7535808
"Kampala, Uganda","[{'class': 'MetalSheetMaterials', 'examples': ['Corrugated Metal', 'Standing Seam Metal']}, {'class': 'AmorphousConcrete', 'examples': ['Cement-based Slabs']}, {'class': 'ConcreteTiles', 'examples': ['Cement-based Tiles']}, {'class': 'Thatch', 'examples': ['Straw', 'Palm', 'Reed']}]",Africa,Uganda,0.308737878,32.58092934
"Mogadishu, Somalia","[{'class': 'AmorphousAsphalt', 'examples': ['Bitumen']}, {'class': 'AsphaltTiles', 'examples': ['Asphalt Shingles']}, {'class': 'AmorphousConcrete', 'examples': ['Cement-based Slabs']}, {'class': 'ConcreteTiles', 'examples': ['Cement-based Tiles']}, {'class': 'MetalSheetMaterials', 'examples': ['Corrugated Metal', 'Standing Seam Metal']}]",Africa,Somolia,2.04942239,45.33104081
"Johannesburg, South Africa","[{'class': 'MetalSheetMaterials', 'examples': ['Corrugated Metal', 'Standing Seam Metal']}, {'class': 'AmorphousConcrete', 'examples': ['Cement-based Slabs']}, {'class': 'ConcreteTiles', 'examples': ['Cement-based Tiles']}, {'class': 'Thatch', 'examples': ['Straw', 'Palm', 'Reed']}]",Africa,South Africa,-26.19971148,28.03281477
"Windhoek, Namibia","[{'class': 'AmorphousAsphalt', 'examples': ['Bitumen']}, {'class': 'AsphaltTiles', 'examples': ['Asphalt Shingles']}, {'class': 'AmorphousConcrete', 'examples': ['Cement-based Slabs']}, {'class': 'ConcreteTiles', 'examples': ['Cement-based Tiles']}, {'class': 'MetalSheetMaterials', 'examples': ['Corrugated Metal', 'Standing Seam Metal']}]",Africa,Namibia,-22.57120655,17.0848853
"Harare, Zimbabwe","[{'class': 'AmorphousAsphalt', 'examples': ['Bitumen']}, {'class': 'AsphaltTiles', 'examples': ['Asphalt Shingles']}, {'class': 'AmorphousConcrete', 'examples': ['Cement-based Slabs']}, {'class': 'ConcreteTiles', 'examples': ['Cement-based Tiles']}, {'class': 'MetalSheetMaterials', 'examples': ['Corrugated Metal', 'Standing Seam Metal']}]",Africa,Zimbabwe,-17.83984295,31.05342502
"Gaborone, Botswana","[{'class': 'AmorphousAsphalt', 'examples': ['Bitumen']}, {'class': 'AsphaltTiles', 'examples': ['Asphalt Shingles']}, {'class': 'AmorphousConcrete', 'examples': ['Cement-based Slabs']}, {'class': 'ConcreteTiles', 'examples': ['Cement-based Tiles']}, {'class': 'MetalSheetMaterials', 'examples': ['Corrugated Metal', 'Standing Seam Metal']}]",Africa,Botswana,-24.64753829,25.9040686
"Maputo, Mozambique","[{'class': 'AmorphousAsphalt', 'examples': ['Bitumen']}, {'class': 'AsphaltTiles', 'examples': ['Asphalt Shingles']}, {'class': 'AmorphousConcrete', 'examples': ['Cement-based Slabs']}, {'class': 'ConcreteTiles', 'examples': ['Cement-based Tiles']}, {'class': 'MetalSheetMaterials', 'examples': ['Corrugated Metal', 'Standing Seam Metal']}]",Africa,Mozambique,-25.91772161,32.60210048
"Antananarivo, Madagascar","[{'class': 'AmorphousAsphalt', 'examples': ['Bitumen']}, {'class': 'AsphaltTiles', 'examples': ['Asphalt Shingles']}, {'class': 'AmorphousConcrete', 'examples': ['Cement-based Slabs']}, {'class': 'ConcreteTiles', 'examples': ['Cement-based Tiles']}, {'class': 'MetalSheetMaterials', 'examples': ['Corrugated Metal', 'Standing Seam Metal']}]",Africa,Madagascar,-18.90359473,47.50976736
"Victoria, Seychelles","[{'class': 'AmorphousAsphalt', 'examples': ['Bitumen']}, {'class': 'AsphaltTiles', 'examples': ['Asphalt Shingles']}, {'class': 'AmorphousConcrete', 'examples': ['Cement-based Slabs']}, {'class': 'ConcreteTiles', 'examples': ['Cement-based Tiles']}, {'class': 'MetalSheetMaterials', 'examples': ['Corrugated Metal', 'Standing Seam Metal']}]",Africa,Seychelles,-4.620298254,55.4524667
"Moroni, Comoros","[{'class': 'AmorphousAsphalt', 'examples': ['Bitumen']}, {'class': 'AsphaltTiles', 'examples': ['Asphalt Shingles']}, {'class': 'AmorphousConcrete', 'examples': ['Cement-based Slabs']}, {'class': 'ConcreteTiles', 'examples': ['Cement-based Tiles']}, {'class': 'MetalSheetMaterials', 'examples': ['Corrugated Metal', 'Standing Seam Metal']}]",Africa,Comoros,-11.69241789,43.25296727
"Port Louis, Mauritius","[{'class': 'AmorphousAsphalt', 'examples': ['Bitumen']}, {'class': 'AsphaltTiles', 'examples': ['Asphalt Shingles']}, {'class': 'AmorphousConcrete', 'examples': ['Cement-based Slabs']}, {'class': 'ConcreteTiles', 'examples': ['Cement-based Tiles']}, {'class': 'MetalSheetMaterials', 'examples': ['Corrugated Metal', 'Standing Seam Metal']}]",Africa,Mauritius,-20.16475359,57.50123969
"Honolulu, Hawaii","[{'class': 'AmorphousAsphalt', 'examples': ['Bitumen']}, {'class': 'AsphaltTiles', 'examples': ['Asphalt Shingles']}, {'class': 'AmorphousConcrete', 'examples': ['Cement-based Slabs']}, {'class': 'ConcreteTiles', 'examples': ['Cement-based Tiles']}, {'class': 'MetalSheetMaterials', 'examples': ['Corrugated Metal', 'Standing Seam Metal']}]",North America,United States,21.31687723,-157.860108
"Aarhus, Denmark","[{'class': 'AmorphousAsphalt', 'examples': ['Bitumen']}, {'class': 'AsphaltTiles', 'examples': ['Asphalt Shingles']}, {'class': 'WoodTiles', 'examples': ['Wood Shingles', 'Wood Shakes']},{'class': 'AmorphousConcrete', 'examples': ['Cement-based Slabs']}, {'class': 'ConcreteTiles', 'examples': ['Cement-based Tiles']}, {'class': 'MetalSheetMaterials', 'examples': ['Corrugated Metal', 'Standing Seam Metal']}]",Europe,Denmark ,56.15755542,10.20291714
"Ballycommon, Ireland","[{'class': 'ClayTiles', 'examples': ['Terracotta', 'Spanish Tiles', 'Mission Tiles']}, {'class': 'StoneSlates', 'examples': ['Slate', 'Sandstone', 'Schist']}, {'class': 'Thatch', 'examples': ['Straw', 'Palm', 'Reed']}]",Europe,Ireland,52.89129943,-8.244469098
"Bengaluru, India","[{'class': 'ClayTiles', 'examples': ['Terracotta', 'Spanish Tiles', 'Mission Tiles']}, {'class': 'AmorphousConcrete', 'examples': ['Cement-based Slabs']}, {'class': 'ConcreteTiles', 'examples': ['Cement-based Tiles']}, {'class': 'MetalSheetMaterials', 'examples': ['Corrugated Metal', 'Standing Seam Metal']}]",Asia,India,12.94128283,77.58012772
"Berlin, Maryland","[{'class': 'AmorphousAsphalt', 'examples': ['Bitumen']},{'class': 'WoodTiles', 'examples': ['Wood Shingles', 'Wood Shakes']}, {'class': 'AsphaltTiles', 'examples': ['Asphalt Shingles']}, {'class': 'GreenVegetative', 'examples': ['Green Roof', 'Vegetative Roof']}, {'class': 'MetalSheetMaterials', 'examples': ['Corrugated Metal', 'Standing Seam Metal']}, {'class': 'AmorphousMembrane', 'examples': ['EPDM', 'TPO', 'PVC Roofing']}]",North America,United States,38.32401616,-75.21734266
"Cape Cod, Massachusetts","[{'class': 'AmorphousAsphalt', 'examples': ['Bitumen']}, {'class': 'WoodTiles', 'examples': ['Wood Shingles', 'Wood Shakes']}, {'class': 'AsphaltTiles', 'examples': ['Asphalt Shingles']}, {'class': 'GreenVegetative', 'examples': ['Green Roof', 'Vegetative Roof']}, {'class': 'MetalSheetMaterials', 'examples': ['Corrugated Metal', 'Standing Seam Metal']}, {'class': 'AmorphousMembrane', 'examples': ['EPDM', 'TPO', 'PVC Roofing']}]",North America,United States,41.71311066,-70.11859505
"Carmarthen, UK","[{'class': 'ClayTiles', 'examples': ['Terracotta', 'Spanish Tiles', 'Mission Tiles']}, {'class': 'StoneSlates', 'examples': ['Slate', 'Sandstone', 'Schist']}, {'class': 'Thatch', 'examples': ['Straw', 'Palm', 'Reed']}]",Europe,England,51.85929736,-4.304693694
"Chhattisgarh, India","[{'class': 'ClayTiles', 'examples': ['Terracotta', 'Spanish Tiles', 'Mission Tiles']}, {'class': 'AmorphousConcrete', 'examples': ['Cement-based Slabs']}, {'class': 'ConcreteTiles', 'examples': ['Cement-based Tiles']}, {'class': 'MetalSheetMaterials', 'examples': ['Corrugated Metal', 'Standing Seam Metal']}]",Asia,India,22.04316877,82.01237172
"Chhattisgarh, India","[{'class': 'ClayTiles', 'examples': ['Terracotta', 'Spanish Tiles', 'Mission Tiles']}, {'class': 'AmorphousConcrete', 'examples': ['Cement-based Slabs']}, {'class': 'ConcreteTiles', 'examples': ['Cement-based Tiles']}, {'class': 'MetalSheetMaterials', 'examples': ['Corrugated Metal', 'Standing Seam Metal']}]",Asia,India,22.04316877,82.01237172
"Cregg, Ireland","[{'class': 'ClayTiles', 'examples': ['Terracotta', 'Spanish Tiles', 'Mission Tiles']}, {'class': 'StoneSlates', 'examples': ['Slate', 'Sandstone', 'Schist']}, {'class': 'Thatch', 'examples': ['Straw', 'Palm', 'Reed']}]",Europe,Ireland,53.38666726,-8.964543257
"Crows Gap, Ireland","[{'class': 'ClayTiles', 'examples': ['Terracotta', 'Spanish Tiles', 'Mission Tiles']}, {'class': 'StoneSlates', 'examples': ['Slate', 'Sandstone', 'Schist']}, {'class': 'Thatch', 'examples': ['Straw', 'Palm', 'Reed']}]",Europe,Ireland,53.5641773,-8.120722876
Democratic Republic of the Congo,"[{'class': 'AmorphousConcrete', 'examples': ['Cement-based Slabs']}, {'class': 'AmorphousConcrete', 'examples': ['Cement-based Slabs']}, {'class': 'MetalSheetMaterials', 'examples': ['Corrugated Metal', 'Standing Seam Metal']}, {'class': 'ConcreteTiles', 'examples': ['Cement-based Tiles']}, {'class': 'Thatch', 'examples': ['Straw', 'Palm', 'Reed']}]",Africa,Democratic Republic of the Congo,-1.290160768,23.26809161
"Dubvronik, Croatia","[{'class': 'AmorphousConcrete', 'examples': ['Cement-based Slabs']}, {'class': 'AmorphousAsphalt', 'examples': ['Bitumen']}, {'class': 'AsphaltTiles', 'examples': ['Asphalt Shingles']}, {'class': 'ConcreteTiles', 'examples': ['Cement-based Tiles']}, {'class': 'MetalSheetMaterials', 'examples': ['Corrugated Metal', 'Standing Seam Metal']}]",Europe,Croatia,42.65004075,18.08683747
"Eckbolshein, France","[{'class': 'AmorphousAsphalt', 'examples': ['Bitumen']}, {'class': 'AsphaltTiles', 'examples': ['Asphalt Shingles']}, {'class': 'AmorphousConcrete', 'examples': ['Cement-based Slabs']}, {'class': 'ConcreteTiles', 'examples': ['Cement-based Tiles']}, {'class': 'MetalSheetMaterials', 'examples': ['Corrugated Metal', 'Standing Seam Metal']}]",Europe,France,48.58055058,7.685516532
"Galway, Ireland","[{'class': 'ClayTiles', 'examples': ['Terracotta', 'Spanish Tiles', 'Mission Tiles']}, {'class': 'StoneSlates', 'examples': ['Slate', 'Sandstone', 'Schist']}, {'class': 'Thatch', 'examples': ['Straw', 'Palm', 'Reed']}]",Europe,Ireland,53.27785603,-9.048403181
"Gortnasade, Ireland","[{'class': 'ClayTiles', 'examples': ['Terracotta', 'Spanish Tiles', 'Mission Tiles']}, {'class': 'StoneSlates', 'examples': ['Slate', 'Sandstone', 'Schist']}, {'class': 'Thatch', 'examples': ['Straw', 'Palm', 'Reed']}]",Europe,Ireland,55.03121732,-8.400978107
Haiti,"[{'class': 'MetalSheetMaterials', 'examples': ['Corrugated Metal', 'Standing Seam Metal']}, {'class': 'AmorphousMembrane', 'examples': ['EPDM', 'TPO', 'PVC Roofing']}, {'class': 'ClayTiles', 'examples': ['Terracotta', 'Spanish Tiles', 'Mission Tiles']}]",North America,Haiti,19.042989,-72.29649559
"Laytown, Ireland","[{'class': 'ClayTiles', 'examples': ['Terracotta', 'Spanish Tiles', 'Mission Tiles']}, {'class': 'StoneSlates', 'examples': ['Slate', 'Sandstone', 'Schist']}, {'class': 'Thatch', 'examples': ['Straw', 'Palm', 'Reed']}]",Europe,Ireland,53.6850281,-6.244228846
"Lissyclearig, Ireland","[{'class': 'ClayTiles', 'examples': ['Terracotta', 'Spanish Tiles', 'Mission Tiles']}, {'class': 'StoneSlates', 'examples': ['Slate', 'Sandstone', 'Schist']}, {'class': 'Thatch', 'examples': ['Straw', 'Palm', 'Reed']}]",Europe,Ireland,51.89918277,-9.595737602
"Little Rock, Arkansas","[{'class': 'AmorphousAsphalt', 'examples': ['Bitumen']}, {'class': 'AsphaltTiles', 'examples': ['Asphalt Shingles']}, {'class': 'GreenVegetative', 'examples': ['Green Roof', 'Vegetative Roof']}, {'class': 'MetalSheetMaterials', 'examples': ['Corrugated Metal', 'Standing Seam Metal']}, {'class': 'AmorphousMembrane', 'examples': ['EPDM', 'TPO', 'PVC Roofing']}]",North America,United States,34.7375547,-92.29834645
"London, UK","[{'class': 'AmorphousAsphalt', 'examples': ['Bitumen']}, {'class': 'AsphaltTiles', 'examples': ['Asphalt Shingles']}, {'class': 'AmorphousConcrete', 'examples': ['Cement-based Slabs']}, {'class': 'ConcreteTiles', 'examples': ['Cement-based Tiles']}, {'class': 'MetalSheetMaterials', 'examples': ['Corrugated Metal', 'Standing Seam Metal']}]",Europe,England,51.51106117,-0.128700039
"Lynn Haven, Florida","[{'class': 'AmorphousAsphalt', 'examples': ['Bitumen']}, {'class': 'AsphaltTiles', 'examples': ['Asphalt Shingles']}, {'class': 'GreenVegetative', 'examples': ['Green Roof', 'Vegetative Roof']}, {'class': 'MetalSheetMaterials', 'examples': ['Corrugated Metal', 'Standing Seam Metal']}, {'class': 'AmorphousMembrane', 'examples': ['EPDM', 'TPO', 'PVC Roofing']}]",North America,United States,30.23825197,-85.63854707
"Machelen, Belgium","[{'class': 'AmorphousAsphalt', 'examples': ['Bitumen']}, {'class': 'WoodTiles', 'examples': ['Wood Shingles', 'Wood Shakes']},{'class': 'AsphaltTiles', 'examples': ['Asphalt Shingles']}, {'class': 'AmorphousConcrete', 'examples': ['Cement-based Slabs']}, {'class': 'ConcreteTiles', 'examples': ['Cement-based Tiles']}, {'class': 'MetalSheetMaterials', 'examples': ['Corrugated Metal', 'Standing Seam Metal']}]",Europe,Belgium,50.90549344,4.439289121
"Maharashta, India","[{'class': 'ClayTiles', 'examples': ['Terracotta', 'Spanish Tiles', 'Mission Tiles']}, {'class': 'AmorphousConcrete', 'examples': ['Cement-based Slabs']}, {'class': 'ConcreteTiles', 'examples': ['Cement-based Tiles']}, {'class': 'MetalSheetMaterials', 'examples': ['Corrugated Metal', 'Standing Seam Metal']}]",Asia,India,19.15061659,75.49542312
"Malmo, Sweden","[{'class': 'MetalSheetMaterials', 'examples': ['Corrugated Metal', 'Standing Seam Metal']}, {'class': 'WoodTiles', 'examples': ['Wood Shingles', 'Wood Shakes']},{'class': 'AmorphousConcrete', 'examples': ['Cement-based Slabs']}, {'class': 'ConcreteTiles', 'examples': ['Cement-based Tiles']}, {'class': 'StoneSlates', 'examples': ['Slate', 'Sandstone', 'Schist']}]",Europe,Sweden ,55.59461918,13.01322581
"Manaus, Brazil","[{'class': 'ClayTiles', 'examples': ['Terracotta', 'Spanish Tiles', 'Mission Tiles']}, {'class': 'AmorphousConcrete', 'examples': ['Cement-based Slabs']}, {'class': 'ConcreteTiles', 'examples': ['Cement-based Tiles']}, {'class': 'AsphaltTiles', 'examples': ['Asphalt Shingles']}]",South America,Brazil,-3.102257306,-60.02066225
"Mexico City, Mexico","[{'class': 'AmorphousAsphalt', 'examples': ['Bitumen']}, {'class': 'AsphaltTiles', 'examples': ['Asphalt Shingles']}, {'class': 'AmorphousConcrete', 'examples': ['Cement-based Slabs']}, {'class': 'ConcreteTiles', 'examples': ['Cement-based Tiles']}, {'class': 'MetalSheetMaterials', 'examples': ['Corrugated Metal', 'Standing Seam Metal']}, {'class': 'AmorphousMembrane', 'examples': ['EPDM', 'TPO', 'PVC Roofing']}]",North America,Mexico,19.40951571,-99.13399962
"New South Wales, Australia","[{'class': 'AmorphousAsphalt', 'examples': ['Bitumen']}, {'class': 'AsphaltTiles', 'examples': ['Asphalt Shingles']}, {'class': 'AmorphousConcrete', 'examples': ['Cement-based Slabs']}, {'class': 'ConcreteTiles', 'examples': ['Cement-based Tiles']}, {'class': 'MetalSheetMaterials', 'examples': ['Corrugated Metal', 'Standing Seam Metal']}]",Oceania,Australia,-32.97873132,148.5142754
Oklahoma,"[{'class': 'AmorphousAsphalt', 'examples': ['Bitumen']}, {'class': 'AsphaltTiles', 'examples': ['Asphalt Shingles']}, {'class': 'GreenVegetative', 'examples': ['Green Roof', 'Vegetative Roof']}, {'class': 'MetalSheetMaterials', 'examples': ['Corrugated Metal', 'Standing Seam Metal']}, {'class': 'AmorphousMembrane', 'examples': ['EPDM', 'TPO', 'PVC Roofing']}]",North America,United States,35.27318017,-97.72794405
"Palu, Indonesia","[{'class': 'AmorphousAsphalt', 'examples': ['Bitumen']}, {'class': 'AsphaltTiles', 'examples': ['Asphalt Shingles']}, {'class': 'AmorphousConcrete', 'examples': ['Cement-based Slabs']}, {'class': 'ConcreteTiles', 'examples': ['Cement-based Tiles']}, {'class': 'MetalSheetMaterials', 'examples': ['Corrugated Metal', 'Standing Seam Metal']}]",Asia,Indonesia,-0.892547765,119.8841677
"Paris, France","[{'class': 'AmorphousAsphalt', 'examples': ['Bitumen']}, {'class': 'AsphaltTiles', 'examples': ['Asphalt Shingles']}, {'class': 'AmorphousConcrete', 'examples': ['Cement-based Slabs']}, {'class': 'ConcreteTiles', 'examples': ['Cement-based Tiles']}, {'class': 'MetalSheetMaterials', 'examples': ['Corrugated Metal', 'Standing Seam Metal']}]",Europe,France,48.8577255,2.327464702
"Pontevedra, Spain","[{'class': 'AmorphousConcrete', 'examples': ['Cement-based Slabs']}, {'class': 'AmorphousAsphalt', 'examples': ['Bitumen']}, {'class': 'AsphaltTiles', 'examples': ['Asphalt Shingles']}, {'class': 'AmorphousConcrete', 'examples': ['Cement-based Slabs']}, {'class': 'ConcreteTiles', 'examples': ['Cement-based Tiles']}, {'class': 'MetalSheetMaterials', 'examples': ['Corrugated Metal', 'Standing Seam Metal']}, {'class': 'AmorphousMembrane', 'examples': ['EPDM', 'TPO', 'PVC Roofing']}]",Europe,Spain,42.43120013,-8.640289788
"Prague, Czechia","[{'class': 'AmorphousAsphalt', 'examples': ['Bitumen']}, {'class': 'WoodTiles', 'examples': ['Wood Shingles', 'Wood Shakes']},{'class': 'AsphaltTiles', 'examples': ['Asphalt Shingles']}, {'class': 'AmorphousConcrete', 'examples': ['Cement-based Slabs']}, {'class': 'ConcreteTiles', 'examples': ['Cement-based Tiles']}, {'class': 'MetalSheetMaterials', 'examples': ['Corrugated Metal', 'Standing Seam Metal']}]",Europe,Czech Republic,50.08787378,14.43472485
"Richmond, Virginia","[{'class': 'AmorphousAsphalt', 'examples': ['Bitumen']}, {'class': 'AsphaltTiles', 'examples': ['Asphalt Shingles']}, {'class': 'GreenVegetative', 'examples': ['Green Roof', 'Vegetative Roof']}, {'class': 'MetalSheetMaterials', 'examples': ['Corrugated Metal', 'Standing Seam Metal']}, {'class': 'AmorphousMembrane', 'examples': ['EPDM', 'TPO', 'PVC Roofing']}]",North America,United States,37.54755003,-77.44218786
"Rossestown Hill, Ireland","[{'class': 'ClayTiles', 'examples': ['Terracotta', 'Spanish Tiles', 'Mission Tiles']}, {'class': 'StoneSlates', 'examples': ['Slate', 'Sandstone', 'Schist']}, {'class': 'Thatch', 'examples': ['Straw', 'Palm', 'Reed']}]",Europe,Ireland,52.70277014,-7.7870445
"San Diego, California","[{'class': 'AmorphousAsphalt', 'examples': ['Bitumen']}, {'class': 'AsphaltTiles', 'examples': ['Asphalt Shingles']}, {'class': 'GreenVegetative', 'examples': ['Green Roof', 'Vegetative Roof']}, {'class': 'MetalSheetMaterials', 'examples': ['Corrugated Metal', 'Standing Seam Metal']}, {'class': 'AmorphousMembrane', 'examples': ['EPDM', 'TPO', 'PVC Roofing']}]",North America,United States,32.79794137,-117.1805444
"Surabaya, India","[{'class': 'ClayTiles', 'examples': ['Terracotta', 'Spanish Tiles', 'Mission Tiles']}, {'class': 'AmorphousConcrete', 'examples': ['Cement-based Slabs']}, {'class': 'ConcreteTiles', 'examples': ['Cement-based Tiles']}, {'class': 'MetalSheetMaterials', 'examples': ['Corrugated Metal', 'Standing Seam Metal']}]",Asia,India, -7.25747,112.75209 
"Vancouver, Canada","[{'class': 'AmorphousAsphalt', 'examples': ['Bitumen']}, {'class': 'AsphaltTiles', 'examples': ['Asphalt Shingles']}, {'class': 'GreenVegetative', 'examples': ['Green Roof', 'Vegetative Roof']}, {'class': 'MetalSheetMaterials', 'examples': ['Corrugated Metal', 'Standing Seam Metal']}, {'class': 'AmorphousMembrane', 'examples': ['EPDM', 'TPO', 'PVC Roofing']}]",North America,Canada,49.25123693,-123.1033046
"Victoria, Australia","[{'class': 'AmorphousAsphalt', 'examples': ['Bitumen']}, {'class': 'AsphaltTiles', 'examples': ['Asphalt Shingles']}, {'class': 'AmorphousConcrete', 'examples': ['Cement-based Slabs']}, {'class': 'ConcreteTiles', 'examples': ['Cement-based Tiles']}, {'class': 'MetalSheetMaterials', 'examples': ['Corrugated Metal', 'Standing Seam Metal']}, {'class': 'AmorphousMembrane', 'examples': ['EPDM', 'TPO', 'PVC Roofing']}]",Oceania,Australia,-37.32500087,143.5575577
"Zordvosko, Croatia","[{'class': 'AmorphousConcrete', 'examples': ['Cement-based Slabs']}, {'class': 'AmorphousAsphalt', 'examples': ['Bitumen']}, {'class': 'AsphaltTiles', 'examples': ['Asphalt Shingles']}, {'class': 'ConcreteTiles', 'examples': ['Cement-based Tiles']}, {'class': 'MetalSheetMaterials', 'examples': ['Corrugated Metal', 'Standing Seam Metal']}]",Europe,Croatia,45.66810305,15.39705234
Mexico City,"[{'class': 'AmorphousAsphalt', 'examples': ['Bitumen']}, {'class': 'AsphaltTiles', 'examples': ['Asphalt Shingles']}, {'class': 'AmorphousConcrete', 'examples': ['Cement-based Slabs']}, {'class': 'ConcreteTiles', 'examples': ['Cement-based Tiles']}, {'class': 'MetalSheetMaterials', 'examples': ['Corrugated Metal', 'Standing Seam Metal']}, {'class': 'AmorphousMembrane', 'examples': ['EPDM', 'TPO', 'PVC Roofing']}]",North America,Mexico,19.40951571,-99.13399962
"Milan, Italy","[{'class': 'AmorphousAsphalt', 'examples': ['Bitumen']}, {'class': 'AsphaltTiles', 'examples': ['Asphalt Shingles']}, {'class': 'AmorphousConcrete', 'examples': ['Cement-based Slabs']}, {'class': 'ConcreteTiles', 'examples': ['Cement-based Tiles']}, {'class': 'MetalSheetMaterials', 'examples': ['Corrugated Metal', 'Standing Seam Metal']}]",Europe,Italy,45.46490098,9.191121833
"Miami, Florida","[{'class': 'AmorphousAsphalt', 'examples': ['Bitumen']}, {'class': 'AsphaltTiles', 'examples': ['Asphalt Shingles']}, {'class': 'GreenVegetative', 'examples': ['Green Roof', 'Vegetative Roof']}, {'class': 'MetalSheetMaterials', 'examples': ['Corrugated Metal', 'Standing Seam Metal']}, {'class': 'AmorphousMembrane', 'examples': ['EPDM', 'TPO', 'PVC Roofing']}]",North America,United States,25.77344843,-80.20273415
"Surabaya,Bangladesh","[{'class': 'ClayTiles', 'examples': ['Terracotta', 'Spanish Tiles', 'Mission Tiles']}, {'class': 'AmorphousConcrete', 'examples': ['Cement-based Slabs']}, {'class': 'ConcreteTiles', 'examples': ['Cement-based Tiles']}, {'class': 'MetalSheetMaterials', 'examples': ['Corrugated Metal', 'Standing Seam Metal']}]",Asia,Bangladesh, -7.25747,112.75209 
"Berlin, Maryland","[{'class': 'AmorphousAsphalt', 'examples': ['Bitumen']},{'class': 'WoodTiles', 'examples': ['Wood Shingles', 'Wood Shakes']}, {'class': 'AsphaltTiles', 'examples': ['Asphalt Shingles']}, {'class': 'GreenVegetative', 'examples': ['Green Roof', 'Vegetative Roof']}, {'class': 'MetalSheetMaterials', 'examples': ['Corrugated Metal', 'Standing Seam Metal']}, {'class': 'AmorphousMembrane', 'examples': ['EPDM', 'TPO', 'PVC Roofing']}]",North America,United States,38.3311,-75.214
"helinski, finland","[{'class': 'MetalSheetMaterials', 'examples': ['Corrugated Metal', 'Standing Seam Metal']}, {'class': 'WoodTiles', 'examples': ['Wood Shingles', 'Wood Shakes']},{'class': 'AmorphousConcrete', 'examples': ['Cement-based Slabs']}, {'class': 'ConcreteTiles', 'examples': ['Cement-based Tiles']}, {'class': 'StoneSlates', 'examples': ['Slate', 'Sandstone', 'Schist']}]",Europe,Finland ,60.192059,24.945831
"Central, California","[{'class': 'AmorphousAsphalt', 'examples': ['Bitumen']}, {'class': 'AsphaltTiles', 'examples': ['Asphalt Shingles']}, {'class': 'GreenVegetative', 'examples': ['Green Roof', 'Vegetative Roof']}, {'class': 'MetalSheetMaterials', 'examples': ['Corrugated Metal', 'Standing Seam Metal']}, {'class': 'AmorphousMembrane', 'examples': ['EPDM', 'TPO', 'PVC Roofing']}]",North America,United States,37.1661, -119.4494
"Southern, California","[{'class': 'AmorphousAsphalt', 'examples': ['Bitumen']}, {'class': 'AsphaltTiles', 'examples': ['Asphalt Shingles']}, {'class': 'GreenVegetative', 'examples': ['Green Roof', 'Vegetative Roof']}, {'class': 'MetalSheetMaterials', 'examples': ['Corrugated Metal', 'Standing Seam Metal']}, {'class': 'AmorphousMembrane', 'examples': ['EPDM', 'TPO', 'PVC Roofing']}]",North America,United States,34.9592,-116.4194
"Gokak, India","[{'class': 'ClayTiles', 'examples': ['Terracotta', 'Spanish Tiles', 'Mission Tiles']}, {'class': 'AmorphousConcrete', 'examples': ['Cement-based Slabs']}, {'class': 'ConcreteTiles', 'examples': ['Cement-based Tiles']}, {'class': 'MetalSheetMaterials', 'examples': ['Corrugated Metal', 'Standing Seam Metal']}]",Asia,India,16.1667,74.833298
"Ganzipur, Bangladesh","[{'class': 'ClayTiles', 'examples': ['Terracotta', 'Spanish Tiles', 'Mission Tiles']}, {'class': 'AmorphousConcrete', 'examples': ['Cement-based Slabs']}, {'class': 'ConcreteTiles', 'examples': ['Cement-based Tiles']}, {'class': 'MetalSheetMaterials', 'examples': ['Corrugated Metal', 'Standing Seam Metal']}]",Asia,India,23.999941,90.420273
"Tallin, Estonia","[{'class': 'AmorphousConcrete', 'examples': ['Cement-based Slabs']}, {'class': 'AmorphousAsphalt', 'examples': ['Bitumen']}, {'class': 'AsphaltTiles', 'examples': ['Asphalt Shingles']}, {'class': 'ConcreteTiles', 'examples': ['Cement-based Tiles']}, {'class': 'MetalSheetMaterials', 'examples': ['Corrugated Metal', 'Standing Seam Metal']}]",Europe,Estonia,59.4369608,24.7535746
"são paulo, brazil","[{'class': 'ClayTiles', 'examples': ['Terracotta', 'Spanish Tiles', 'Mission Tiles']}, {'class': 'AmorphousConcrete', 'examples': ['Cement-based Slabs']}, {'class': 'ConcreteTiles', 'examples': ['Cement-based Tiles']}, {'class': 'AsphaltTiles', 'examples': ['Asphalt Shingles']}]",South America,Brazil,-23.52826073,-46.62276503
"telangana, india","[{'class': 'ClayTiles', 'examples': ['Terracotta', 'Spanish Tiles', 'Mission Tiles']}, {'class': 'AmorphousConcrete', 'examples': ['Cement-based Slabs']}, {'class': 'ConcreteTiles', 'examples': ['Cement-based Tiles']}, {'class': 'MetalSheetMaterials', 'examples': ['Corrugated Metal', 'Standing Seam Metal']}]",Asia,India,17.123184,79.208824
"chicago, illinois","[{'class': 'AmorphousAsphalt', 'examples': ['Bitumen']}, {'class': 'AsphaltTiles', 'examples': ['Asphalt Shingles']}, {'class': 'GreenVegetative', 'examples': ['Green Roof', 'Vegetative Roof']}, {'class': 'MetalSheetMaterials', 'examples': ['Corrugated Metal', 'Standing Seam Metal']}, {'class': 'AmorphousMembrane', 'examples': ['EPDM', 'TPO', 'PVC Roofing']}]",North America,United States,41.70799686,-87.66412996
"maharashtra, india","[{'class': 'ClayTiles', 'examples': ['Terracotta', 'Spanish Tiles', 'Mission Tiles']}, {'class': 'AmorphousConcrete', 'examples': ['Cement-based Slabs']}, {'class': 'ConcreteTiles', 'examples': ['Cement-based Tiles']}, {'class': 'MetalSheetMaterials', 'examples': ['Corrugated Metal', 'Standing Seam Metal']}]",Asia,India,19.66328,75.300293
"Slick, Oklahoma","[{'class': 'AmorphousAsphalt', 'examples': ['Bitumen']}, {'class': 'AsphaltTiles', 'examples': ['Asphalt Shingles']}, {'class': 'GreenVegetative', 'examples': ['Green Roof', 'Vegetative Roof']}, {'class': 'MetalSheetMaterials', 'examples': ['Corrugated Metal', 'Standing Seam Metal']}, {'class': 'AmorphousMembrane', 'examples': ['EPDM', 'TPO', 'PVC Roofing']}]",North America,United States,35.27318017,-97.72794405
"Westport, Oklahoma","[{'class': 'AmorphousAsphalt', 'examples': ['Bitumen']}, {'class': 'AsphaltTiles', 'examples': ['Asphalt Shingles']}, {'class': 'GreenVegetative', 'examples': ['Green Roof', 'Vegetative Roof']}, {'class': 'MetalSheetMaterials', 'examples': ['Corrugated Metal', 'Standing Seam Metal']}, {'class': 'AmorphousMembrane', 'examples': ['EPDM', 'TPO', 'PVC Roofing']}]",North America,United States,35.27318017,-97.72794405
Hawaii,"[{'class': 'AmorphousAsphalt', 'examples': ['Bitumen']}, {'class': 'AsphaltTiles', 'examples': ['Asphalt Shingles']}, {'class': 'AmorphousConcrete', 'examples': ['Cement-based Slabs']}, {'class': 'ConcreteTiles', 'examples': ['Cement-based Tiles']}, {'class': 'MetalSheetMaterials', 'examples': ['Corrugated Metal', 'Standing Seam Metal']}]",North America,United States,21.31687723,-157.860108
Missouri,"[{'class': 'AmorphousAsphalt', 'examples': ['Bitumen']}, {'class': 'AsphaltTiles', 'examples': ['Asphalt Shingles']}, {'class': 'GreenVegetative', 'examples': ['Green Roof', 'Vegetative Roof']}, {'class': 'MetalSheetMaterials', 'examples': ['Corrugated Metal', 'Standing Seam Metal']}, {'class': 'AmorphousMembrane', 'examples': ['EPDM', 'TPO', 'PVC Roofing']}]",North America,United States,37.9643,-91.8318
"Osage, Oklahoma","[{'class': 'AmorphousAsphalt', 'examples': ['Bitumen']}, {'class': 'AsphaltTiles', 'examples': ['Asphalt Shingles']}, {'class': 'GreenVegetative', 'examples': ['Green Roof', 'Vegetative Roof']}, {'class': 'MetalSheetMaterials', 'examples': ['Corrugated Metal', 'Standing Seam Metal']}, {'class': 'AmorphousMembrane', 'examples': ['EPDM', 'TPO', 'PVC Roofing']}]",North America,United States,35.27318017,-97.72794405
Palu,"[{'class': 'AmorphousAsphalt', 'examples': ['Bitumen']}, {'class': 'AsphaltTiles', 'examples': ['Asphalt Shingles']}, {'class': 'AmorphousConcrete', 'examples': ['Cement-based Slabs']}, {'class': 'ConcreteTiles', 'examples': ['Cement-based Tiles']}, {'class': 'MetalSheetMaterials', 'examples': ['Corrugated Metal', 'Standing Seam Metal']}]",Asia,Indonesia,-0.892547765,119.8841677
socal,"[{'class': 'AmorphousAsphalt', 'examples': ['Bitumen']}, {'class': 'AsphaltTiles', 'examples': ['Asphalt Shingles']}, {'class': 'GreenVegetative', 'examples': ['Green Roof', 'Vegetative Roof']}, {'class': 'MetalSheetMaterials', 'examples': ['Corrugated Metal', 'Standing Seam Metal']}, {'class': 'AmorphousMembrane', 'examples': ['EPDM', 'TPO', 'PVC Roofing']}]",North America,United States,32.79794137,-117.1805444
Midwest,"[{'class': 'AmorphousAsphalt', 'examples': ['Bitumen']}, {'class': 'AsphaltTiles', 'examples': ['Asphalt Shingles']}, {'class': 'GreenVegetative', 'examples': ['Green Roof', 'Vegetative Roof']}, {'class': 'MetalSheetMaterials', 'examples': ['Corrugated Metal', 'Standing Seam Metal']}, {'class': 'AmorphousMembrane', 'examples': ['EPDM', 'TPO', 'PVC Roofing']}]",North America,United States,37.9643,-91.8318
Mexico,"[{'class': 'AmorphousAsphalt', 'examples': ['Bitumen']}, {'class': 'AsphaltTiles', 'examples': ['Asphalt Shingles']}, {'class': 'AmorphousConcrete', 'examples': ['Cement-based Slabs']}, {'class': 'ConcreteTiles', 'examples': ['Cement-based Tiles']}, {'class': 'MetalSheetMaterials', 'examples': ['Corrugated Metal', 'Standing Seam Metal']}, {'class': 'AmorphousMembrane', 'examples': ['EPDM', 'TPO', 'PVC Roofing']}]",North America,Mexico,19.4150204,-99.13605955
hurricane,"[{'class': 'AmorphousAsphalt', 'examples': ['Bitumen']}, {'class': 'AsphaltTiles', 'examples': ['Asphalt Shingles']}, {'class': 'GreenVegetative', 'examples': ['Green Roof', 'Vegetative Roof']}, {'class': 'MetalSheetMaterials', 'examples': ['Corrugated Metal', 'Standing Seam Metal']}, {'class': 'AmorphousMembrane', 'examples': ['EPDM', 'TPO', 'PVC Roofing']}]",North America,United States,30.23825197,-85.63854707
